datetime,main_aqi,components_co,components_no,components_no2,components_o3,components_so2,components_pm2_5,components_pm10,components_nh3,temperature_2m,relative_humidity_2m,dew_point_2m,precipitation,surface_pressure,wind_speed_10m,wind_direction_10m,shortwave_radiation,city
2024-03-24 12:00:00,2,353.81,1.08,6.94,90.12,2.15,17.26,42.54,1.57,29.7,63.0,21.9,0.0,1010.8,4.2,258.0,830,Karachi
2021-11-24 13:00:00,5,7690.43,34.87,293.37,0.1,37.19,497.22,553.58,62.82,20.6,16.0,-6.1,0.0,972.9,0.8,243.0,0,Peshawar
2021-09-08 05:00:00,4,881.2,0.3,18.68,19.13,9.54,28.09,32.74,6.84,27.3,89.0,25.3,0.0,979.7,10.4,104.0,0,Lahore
2022-05-18 17:00:00,5,1001.36,0.0,24.68,85.12,7.03,69.09,122.56,19.51,35.0,16.0,5.5,0.0,962.1,4.4,55.0,0,Peshawar
2023-02-12 22:00:00,3,801.09,0.0,17.82,92.98,15.74,40.07,77.97,17.73,23.1,24.0,1.4,0.0,1018.9,2.39,57.0,0,Karachi
2023-06-17 15:00:00,5,6835.94,58.11,271.44,0.06,25.03,91.26,109.87,38.0,37.5,31.0,17.5,0.0,942.6,5.1,172.0,658,Islamabad
2022-07-09 15:00:00,4,907.9,0.0,12.34,118.73,6.91,25.55,26.55,6.9,35.8,38.0,19.2,0.0,938.6,6.6,189.0,815,Islamabad
2023-08-17 04:00:00,4,1548.77,5.25,47.98,100.14,17.88,65.46,79.8,8.36,26.9,83.0,23.8,0.0,944.3,3.4,32.0,0,Islamabad
2024-01-06 08:00:00,5,6408.69,3.97,67.86,228.88,25.03,737.92,795.67,23.05,15.5,50.0,5.2,0.0,979.5,3.6,96.0,568,Peshawar
2024-06-21 15:00:00,3,200.27,0.0,2.78,90.12,0.88,21.13,81.1,1.31,25.0645,54.02036,15.1145,0.0,833.14307,12.413476,163.14153,12,Quetta
2023-06-16 00:00:00,5,1655.58,6.54,46.61,0.63,8.11,112.99,144.94,27.11,26.1,83.0,23.0,0.0,975.7,5.1,82.0,0,Lahore
2023-09-21 12:00:00,5,4913.33,82.25,180.96,18.42,26.94,114.28,156.08,25.33,33.2,66.0,26.0,0.0,1003.7,2.2,129.0,613,Karachi
2024-05-04 09:00:00,4,961.3,0.95,14.05,178.81,4.23,17.76,23.58,6.02,28.7,38.0,13.0,0.0,970.6,6.7,36.0,749,Peshawar
2023-08-05 11:00:00,3,467.3,0.33,3.34,121.59,2.35,25.1,35.76,6.14,33.7,59.0,24.6,0.0,960.9,10.3,78.0,530,Peshawar
2021-09-06 10:00:00,4,211.95,0.2,1.02,127.32,0.88,20.18,54.47,1.17,33.864502,9.945735,-2.0855,0.0,839.1715,12.074766,333.43503,790,Quetta
2024-02-15 12:00:00,5,4272.46,26.38,138.46,30.4,39.58,236.13,290.33,40.53,20.9,47.0,9.3,0.0,995.1,6.9,279.0,676,Lahore
2024-04-05 05:00:00,4,453.95,1.37,11.65,147.34,3.52,37.06,70.43,0.69,25.1,74.0,20.2,0.0,1008.7,2.6,268.0,0,Karachi
2022-08-25 05:00:00,2,1108.17,5.53,37.01,55.79,29.8,17.08,18.92,4.75,23.4,88.0,21.3,1.6,945.7,6.0,73.0,0,Islamabad
2022-10-19 03:00:00,5,2162.93,13.41,44.55,11.27,11.8,170.75,205.6,25.59,18.7,69.0,13.0,0.0,984.2,6.9,81.0,0,Lahore
2022-02-24 16:00:00,5,5981.45,100.14,50.04,0.0,21.46,407.17,494.0,50.16,19.1,63.0,11.9,0.3,989.8,7.0,325.0,327,Lahore
2023-01-28 06:00:00,5,4859.92,63.48,116.53,10.01,29.09,168.39,229.62,82.08,14.0,37.0,-0.5,0.0,978.0,4.5,104.0,369,Peshawar
2023-12-21 19:00:00,5,8651.73,16.32,224.83,0.06,35.29,655.28,777.0,95.25,7.8,56.0,-0.4,0.0,977.0,5.1,219.0,0,Peshawar
2024-06-09 21:00:00,3,1815.8,0.68,82.94,7.96,9.54,28.92,41.08,42.05,29.4,34.0,11.9,0.0,944.4,4.0,350.0,0,Islamabad
2023-11-25 19:00:00,5,10467.53,225.31,180.96,0.0,41.01,291.62,354.58,92.21,16.2,68.0,10.3,0.0,956.6,2.8,310.0,0,Islamabad
2022-02-13 08:00:00,5,1428.6,1.16,12.34,223.16,11.56,142.44,151.92,16.97,18.5,22.0,-3.6,0.0,973.3,6.1,135.0,704,Peshawar
2021-10-13 19:00:00,5,3044.13,17.66,90.48,0.13,25.03,186.32,357.32,27.61,30.8,29.0,10.7,0.0,1006.3,5.7,268.0,0,Karachi
2021-12-21 21:00:00,5,13458.25,211.0,132.98,0.0,25.75,1235.44,1428.81,52.69,10.6,81.0,7.5,0.0,990.8,4.0,80.0,0,Lahore
2024-05-07 19:00:00,3,400.54,0.01,10.11,32.54,3.01,14.61,56.08,1.96,29.6,76.0,24.9,0.0,1005.7,4.39,246.0,62,Karachi
2023-01-02 07:00:00,5,4753.11,12.29,80.88,98.71,29.09,564.53,605.04,13.3,4.0,98.0,3.6,0.0,994.3,1.9,22.0,0,Lahore
2022-08-21 08:00:00,3,487.33,0.58,4.46,145.91,8.82,20.37,21.32,3.64,28.5,66.0,21.5,0.0,944.8,5.1,4.0,317,Islamabad
2024-04-16 03:00:00,3,1655.58,25.7,33.93,5.41,12.99,47.01,60.08,17.99,25.1,91.0,23.5,0.0,1010.6,1.7,315.0,0,Karachi
2022-12-22 05:00:00,5,12710.57,343.32,126.12,4.78,29.33,505.33,592.98,83.09,5.9,79.0,2.5,0.0,954.6,3.3,13.0,0,Islamabad
2021-11-20 14:00:00,5,1054.76,0.07,45.24,32.9,5.19,50.6,83.21,9.88,10.9145,28.69737,-6.5855,0.0,837.1625,2.9024127,299.74478,0,Quetta
2023-10-28 05:00:00,5,894.55,6.71,32.9,37.19,5.19,72.65,269.0,10.51,17.2645,43.75324,4.8145,0.0,843.6378,1.5273507,315.0001,185,Quetta
2024-01-29 18:00:00,5,4112.24,59.9,87.05,0.0,10.97,173.27,222.74,22.55,15.3,64.0,8.5,0.0,957.0,7.9,300.0,12,Islamabad
2022-02-09 12:00:00,5,2002.72,1.47,68.55,257.49,29.33,218.53,268.31,13.81,23.9,38.0,8.7,0.0,1015.3,1.71,97.0,715,Karachi
2023-06-27 05:00:00,4,687.6,0.73,7.71,164.51,4.41,19.63,21.7,3.61,31.9,57.0,22.4,0.0,963.4,3.7,349.0,710,Peshawar
2023-12-13 01:00:00,5,2670.29,3.02,41.47,3.89,10.25,409.85,465.96,34.96,8.5,95.0,7.8,0.0,988.6,8.7,66.0,0,Lahore
2024-05-03 07:00:00,5,1108.17,1.34,18.51,288.96,31.47,72.45,91.66,9.25,22.5,54.0,12.7,0.0,980.3,5.9,14.0,143,Lahore
2023-09-16 00:00:00,5,1535.42,0.0,15.59,27.54,5.13,131.19,140.59,6.9,26.2,91.0,24.7,0.0,980.1,8.5,102.0,0,Lahore
2022-08-31 20:00:00,5,3311.16,36.21,72.66,0.0,9.54,177.45,202.68,20.52,32.1,53.0,21.3,0.0,978.4,2.3,231.0,0,Lahore
2023-08-07 02:00:00,3,580.79,0.0,10.88,98.71,6.02,35.19,41.5,5.32,25.3,78.0,21.2,0.0,959.4,4.9,54.0,41,Peshawar
2023-05-25 09:00:00,2,180.24,0.12,0.47,94.41,0.32,10.53,36.1,0.16,30.6645,10.661534,-3.5854998,0.0,838.9439,18.847641,298.523,929,Quetta
2022-04-10 17:00:00,5,3284.45,22.8,105.56,0.01,16.69,129.41,201.47,98.29,31.4,16.0,2.6,0.0,965.4,4.4,261.0,0,Peshawar
2022-02-11 13:00:00,5,6675.72,38.89,290.63,14.31,37.19,268.6,322.44,126.66,15.8,20.0,-7.2,0.0,974.6,1.3,146.0,40,Peshawar
2024-01-13 13:00:00,5,5500.79,0.02,123.38,50.07,15.14,636.1,707.88,30.15,14.8,64.0,8.0,0.0,975.7,4.0,360.0,5,Peshawar
2022-10-24 12:00:00,5,5073.55,74.21,165.88,7.15,16.21,131.32,152.98,31.16,27.0,22.0,3.5,0.0,952.7,8.6,255.0,727,Islamabad
2021-10-19 10:00:00,5,1508.71,6.15,49.35,133.04,16.21,61.8,76.93,13.81,27.2,61.0,19.0,0.0,984.1,7.4,284.0,495,Lahore
2022-05-23 15:00:00,5,198.6,0.0,2.48,92.98,0.57,29.71,136.41,0.81,24.8145,6.6335344,-14.0355,0.0,832.6005,10.587918,305.31128,5,Quetta
2023-01-07 00:00:00,5,5073.55,70.63,95.96,0.0,7.87,342.01,391.31,30.15,8.3,67.0,2.5,0.0,962.1,2.5,8.0,0,Islamabad
2023-01-05 10:00:00,2,267.03,1.36,3.98,84.4,1.49,5.67,10.3,2.34,13.6145,20.113983,-8.8855,0.0,842.3792,9.83268,156.2505,550,Quetta
2024-06-03 11:00:00,5,340.46,0.32,4.33,183.11,2.89,19.11,37.01,4.24,42.5,15.0,10.5,0.0,960.2,12.6,233.0,567,Peshawar
2021-11-08 04:00:00,5,5767.82,119.81,84.31,5.23,20.74,197.74,263.88,63.33,20.6,23.0,-1.2,0.0,977.4,3.6,53.0,279,Peshawar
2021-08-24 14:00:00,5,273.71,0.06,3.98,117.3,0.97,29.48,108.08,0.85,28.9645,10.345436,-5.2855,0.0,836.9347,9.504273,294.62354,63,Quetta
2022-07-27 16:00:00,4,1361.85,0.67,45.24,10.82,5.84,26.58,28.77,5.13,30.6,65.0,23.2,2.2,945.3,18.2,142.0,342,Islamabad
2022-12-15 11:00:00,5,5500.79,4.97,163.14,161.65,30.28,260.12,311.81,43.57,22.0,27.0,2.1,0.0,972.5,4.0,90.0,169,Peshawar
2023-09-22 04:00:00,5,2429.96,57.22,59.63,9.48,73.43,94.77,128.41,15.96,28.6,89.0,26.6,0.0,1003.4,0.54,292.0,0,Karachi
2023-06-24 09:00:00,4,453.95,0.36,3.21,155.93,8.34,52.12,92.85,6.65,34.0,56.0,24.0,0.0,942.0,13.0,124.0,531,Islamabad
2023-07-12 20:00:00,3,473.98,0.0,24.33,57.22,1.7,20.97,63.4,7.35,24.2645,69.214226,18.2645,0.0,834.8949,10.365251,159.67677,0,Quetta
2022-08-01 22:00:00,4,300.41,0.0,5.91,52.21,0.7,16.44,54.78,3.86,19.0645,99.06851,18.9145,0.0,831.77637,9.449572,162.25523,0,Quetta
2022-03-13 21:00:00,4,554.08,0.0,14.91,55.07,2.68,45.95,90.7,32.42,14.2645,66.97387,8.2145,0.0,838.365,7.5170207,163.30067,0,Quetta
2024-04-19 06:00:00,4,353.81,0.45,4.24,164.51,2.98,23.58,46.26,0.01,24.7,80.0,21.0,0.0,1005.6,3.81,265.0,0,Karachi
2022-04-18 15:00:00,3,620.84,0.0,12.85,135.9,4.23,18.71,27.42,11.78,33.4,15.0,3.3,0.0,966.2,5.2,326.0,0,Peshawar
2022-02-12 14:00:00,5,10040.28,232.46,189.19,0.0,33.38,367.42,412.53,120.58,19.6,21.0,-3.3,0.0,952.9,6.6,261.0,686,Islamabad
2024-05-01 07:00:00,4,433.92,0.61,4.28,164.51,8.34,23.66,30.62,6.33,17.9,67.0,11.7,0.0,979.2,8.2,255.0,135,Lahore
2023-05-19 09:00:00,3,175.24,0.15,0.63,128.75,0.64,10.88,51.27,0.31,30.0145,7.8560023,-8.0855,0.0,843.54,14.021525,318.12222,996,Quetta
2023-05-23 22:00:00,3,226.97,0.0,1.59,36.84,1.39,12.36,64.28,0.3,29.3,83.0,26.1,0.0,1006.8,3.86,249.0,0,Karachi
2024-02-24 07:00:00,3,921.25,4.3,25.36,128.75,22.89,44.03,88.1,12.03,18.2,79.0,14.5,0.0,1014.1,0.8,360.0,0,Karachi
2024-03-21 11:00:00,3,460.62,0.38,7.03,130.18,2.65,23.24,31.02,12.16,22.3,49.0,11.1,0.0,971.7,12.9,72.0,272,Peshawar
2022-05-04 23:00:00,5,263.69,0.0,3.38,91.55,3.78,41.32,144.01,0.69,28.3,67.0,21.6,0.0,1006.4,3.95,261.0,0,Karachi
2023-02-01 09:00:00,4,794.41,1.3,8.48,141.62,3.87,13.11,24.03,4.94,20.4,25.0,-0.3,0.0,979.3,7.9,16.0,572,Peshawar
2023-04-12 00:00:00,3,377.18,0.0,8.48,64.37,4.65,33.66,73.49,3.29,25.6,88.0,23.5,0.0,1011.7,1.2,265.0,0,Karachi
2022-08-17 19:00:00,1,487.33,0.0,15.59,45.06,2.56,7.16,8.19,3.86,20.6645,87.77481,18.5645,0.0,831.3742,2.4149535,116.56499,0,Quetta
2023-01-30 16:00:00,5,2136.23,15.65,37.7,0.17,11.21,142.45,187.16,15.2,17.9,66.0,11.5,0.0,991.4,8.9,130.0,271,Lahore
2023-04-22 02:00:00,3,720.98,0.99,26.73,50.78,6.02,29.07,66.54,27.87,14.0145,16.542189,-11.0355,0.0,834.5967,3.8268526,138.81418,61,Quetta
2022-07-16 14:00:00,2,357.15,0.1,1.95,81.54,0.48,4.49,6.9,1.76,27.7645,48.799015,16.0145,0.0,833.83844,16.485485,148.39255,98,Quetta
2024-04-11 00:00:00,3,961.3,0.0,30.5,50.07,7.57,26.16,36.48,61.3,20.0,64.0,12.9,0.9,953.4,15.7,344.0,0,Islamabad
2022-08-30 15:00:00,5,3150.94,13.08,115.16,0.24,6.56,96.08,116.24,25.08,32.8,48.0,20.4,0.0,966.3,9.1,56.0,0,Peshawar
2021-09-28 19:00:00,5,3391.27,19.22,87.05,0.06,20.5,106.29,132.13,22.04,31.8,60.0,23.0,0.0,1002.3,1.9,273.0,3,Karachi
2022-04-04 20:00:00,5,337.12,0.0,10.02,78.68,4.77,53.84,119.77,2.12,27.3,57.0,18.0,0.0,1009.6,5.3,271.0,0,Karachi
2023-11-29 08:00:00,5,2002.72,13.3,66.49,50.78,23.84,90.81,109.79,15.58,10.1,84.0,7.5,0.0,956.4,3.8,311.0,48,Islamabad
2021-10-26 18:00:00,4,1815.8,0.54,61.01,13.95,6.62,46.33,68.33,20.52,21.4,39.0,6.9,0.0,975.9,2.6,56.0,0,Peshawar
2022-06-24 17:00:00,5,4432.68,0.0,160.4,40.77,17.17,142.95,175.31,61.81,34.5,20.0,8.3,0.0,959.2,7.6,355.0,0,Peshawar
2021-09-19 08:00:00,5,620.84,0.57,5.83,174.52,17.41,72.72,78.57,7.98,28.0,62.0,20.0,0.0,950.2,8.4,100.0,40,Islamabad
2023-04-11 08:00:00,3,270.37,0.22,0.97,125.89,2.12,17.55,42.5,2.06,24.1645,15.141205,-3.9854999,0.0,844.6439,6.379216,343.61038,980,Quetta
2023-10-08 21:00:00,5,5393.98,60.8,172.73,0.0,30.28,173.06,215.04,80.05,23.6,85.0,20.9,0.0,950.5,3.3,347.0,0,Islamabad
2022-08-02 22:00:00,5,7690.43,143.05,145.32,0.0,20.5,143.59,166.14,77.01,31.1,52.0,20.0,0.0,942.8,9.7,86.0,0,Islamabad
2021-11-26 02:00:00,5,4913.33,24.36,89.11,0.08,16.93,139.0,183.55,64.34,14.5,29.0,-3.3,0.0,974.0,3.4,58.0,0,Peshawar
2022-06-05 19:00:00,5,240.33,0.0,6.68,82.97,1.22,36.2,170.83,2.75,24.8145,10.819347,-7.8855,0.0,835.8409,3.8773184,158.19853,0,Quetta
2022-10-21 00:00:00,5,1535.42,0.29,39.07,13.95,4.53,65.6,81.96,19.51,20.0,42.0,6.7,0.0,956.9,5.9,14.0,0,Islamabad
2022-05-07 05:00:00,5,1295.09,1.72,21.59,254.63,25.99,95.85,118.46,21.03,23.3,54.0,13.4,0.0,980.2,3.5,24.0,0,Lahore
2023-03-26 10:00:00,4,500.68,0.47,3.3,143.05,2.77,10.55,13.42,4.18,24.0,39.0,9.2,0.0,972.4,3.3,41.0,722,Peshawar
2023-04-13 18:00:00,5,6408.69,110.86,135.72,0.0,14.9,186.9,245.95,62.82,31.0,34.0,13.3,0.0,950.5,4.1,315.0,162,Islamabad
2022-06-05 17:00:00,5,233.65,0.0,3.21,34.69,1.28,21.18,109.62,0.36,32.1,57.0,22.5,0.0,1000.2,8.99,238.0,486,Karachi
2024-05-02 16:00:00,4,2590.18,20.12,89.11,0.04,19.79,72.04,113.9,30.65,32.7,19.0,6.0,0.0,978.8,12.1,323.0,529,Lahore
2024-04-23 15:00:00,3,393.87,0.0,13.19,73.67,2.53,22.02,57.73,2.12,32.2,56.0,22.3,0.0,1005.3,4.65,245.0,829,Karachi
2022-12-01 22:00:00,5,8331.3,109.97,180.96,0.0,34.81,419.71,512.54,97.27,12.7,81.0,9.5,0.0,953.3,2.7,337.0,0,Islamabad
2023-04-03 03:00:00,3,253.68,0.11,4.03,70.81,2.15,28.88,83.7,0.39,25.0,86.0,22.5,0.0,1006.1,3.01,255.0,0,Karachi
2022-09-04 02:00:00,5,907.9,0.04,12.85,72.24,6.02,72.89,85.55,6.84,29.0,59.0,20.2,0.0,962.1,7.3,9.0,70,Peshawar
2021-12-23 17:00:00,5,1108.17,0.0,41.13,52.93,10.73,68.77,124.32,13.17,25.7,59.0,17.1,0.0,1010.6,4.7,218.0,170,Karachi
2023-01-19 12:00:00,5,5714.42,21.23,153.54,11.27,13.95,271.89,324.98,25.84,16.4,28.0,-2.2,0.0,978.0,1.5,225.0,109,Peshawar
2024-06-02 04:00:00,3,1455.31,14.08,50.72,64.37,11.32,45.12,91.37,28.88,31.0,25.0,8.6,0.0,975.7,14.5,210.0,0,Lahore
2023-05-01 13:00:00,3,423.91,0.13,6.68,113.01,2.03,9.39,22.39,2.85,17.9145,56.390335,9.1145,0.0,834.3933,6.87779,186.00891,93,Quetta
2021-09-26 06:00:00,5,1562.12,0.92,12.17,223.16,10.73,103.32,116.81,19.0,31.7,43.0,17.6,0.0,968.0,5.2,74.0,715,Peshawar
2023-01-05 22:00:00,5,4219.06,24.14,113.79,0.04,13.23,279.02,323.68,35.46,8.4,60.0,1.0,0.0,962.4,3.6,360.0,0,Islamabad
2023-02-08 16:00:00,5,3631.59,12.52,94.59,1.41,8.34,113.79,150.99,38.0,13.7,38.0,-0.4,0.0,973.6,6.8,245.0,0,Peshawar
2022-04-18 05:00:00,5,2723.69,6.09,65.12,223.16,28.13,158.37,189.76,41.54,21.7,55.0,12.2,0.0,979.3,6.7,54.0,0,Lahore
2022-08-24 02:00:00,4,754.36,1.75,27.08,10.37,2.24,31.95,91.53,10.64,19.5645,69.63408,13.8645,0.0,834.3588,2.5455842,171.86998,36,Quetta
2021-12-07 15:00:00,5,14312.74,282.53,202.89,0.0,93.46,591.25,720.28,149.97,28.1,15.0,-1.0,0.0,1014.8,1.91,84.0,533,Karachi
2023-12-24 02:00:00,4,2857.21,2.15,59.63,8.49,10.37,63.63,88.84,40.02,9.4,75.0,5.2,0.0,982.1,4.9,216.0,0,Peshawar
2023-02-20 13:00:00,4,647.54,1.65,27.42,75.1,3.99,35.87,123.01,4.56,29.2,56.0,19.5,0.0,1011.3,4.21,252.0,852,Karachi
2023-11-10 05:00:00,4,1148.22,0.37,29.47,50.78,13.35,59.59,67.43,6.59,15.8,92.0,14.6,1.9,988.6,12.4,73.0,0,Lahore
2023-01-05 15:00:00,5,12817.38,207.42,183.7,0.0,26.7,822.86,950.05,30.91,15.0,67.0,9.0,0.0,996.5,3.9,248.0,365,Lahore
2022-12-16 10:00:00,5,3738.4,20.56,127.49,88.69,35.76,250.2,277.68,24.57,13.7,49.0,3.1,0.0,953.7,3.1,249.0,373,Islamabad
2023-07-09 20:00:00,2,741.0,0.0,18.68,42.2,1.94,23.68,28.86,12.16,25.7,82.0,22.4,0.0,965.0,8.4,7.0,0,Peshawar
2023-12-04 00:00:00,5,1415.25,0.0,25.02,65.8,16.69,103.61,137.66,21.03,20.4,61.0,12.6,0.0,1016.1,1.36,17.0,0,Karachi
2021-11-16 10:00:00,3,280.38,0.52,2.59,123.02,2.56,13.19,21.48,1.04,18.9645,10.925136,-12.2855,0.0,838.5945,3.6,270.0,548,Quetta
2021-09-21 19:00:00,4,347.14,0.0,3.94,82.97,1.33,38.68,68.08,4.18,21.2645,68.18915,15.1645,0.0,836.3294,7.172949,162.47433,0,Quetta
2021-09-01 09:00:00,5,814.44,0.66,8.57,234.6,16.93,61.17,72.42,8.49,28.2,61.0,19.9,0.0,951.2,6.7,254.0,496,Islamabad
2023-05-22 20:00:00,2,781.06,0.0,20.05,74.39,3.19,18.02,36.68,8.74,28.2,55.0,18.3,0.0,967.9,15.1,18.0,0,Peshawar
2022-12-27 08:00:00,2,287.06,0.64,4.67,79.39,0.95,7.13,16.24,0.99,11.5145,60.84585,4.2145,0.2,840.1352,7.072878,255.2564,424,Quetta
2023-05-23 16:00:00,3,186.92,0.0,1.26,76.53,0.37,14.24,58.09,0.13,27.7645,17.917645,1.2145001,0.0,840.3307,9.107359,288.43503,0,Quetta
2022-05-30 22:00:00,5,1695.63,0.08,53.47,10.73,8.7,75.83,112.43,44.58,28.1,28.0,7.9,0.0,962.1,2.9,360.0,0,Peshawar
2023-01-03 06:00:00,5,5020.14,67.06,94.59,26.82,18.84,217.09,274.31,45.6,11.6,32.0,-4.5,0.0,984.4,4.7,86.0,475,Peshawar
2023-10-07 11:00:00,5,1148.22,0.5,17.14,194.55,19.31,130.05,162.2,11.4,34.7,32.0,15.6,0.0,966.1,4.8,153.0,381,Peshawar
2022-05-14 00:00:00,5,216.96,0.0,1.15,77.25,1.33,67.99,198.52,0.14,30.0,65.0,22.7,0.0,999.2,6.12,265.0,0,Karachi
2022-10-02 11:00:00,4,181.91,0.16,0.84,111.58,0.51,18.66,65.6,0.48,27.9145,8.110736,-9.2355,0.0,838.4917,11.966954,316.2188,555,Quetta
2022-10-10 00:00:00,5,614.17,0.0,17.65,50.07,5.07,45.83,142.34,7.16,12.8145,12.7788515,-15.185499,0.0,838.9658,4.6800003,157.3801,0,Quetta
2023-07-13 21:00:00,3,216.96,0.0,1.31,37.19,1.18,15.89,66.41,0.0,30.6,71.0,24.8,0.0,1000.8,4.96,242.0,0,Karachi
2021-12-07 04:00:00,5,2616.88,25.03,43.87,13.23,12.52,159.09,207.06,13.93,10.0,90.0,8.5,0.0,991.6,6.4,333.0,0,Lahore
2024-01-21 19:00:00,5,7904.05,21.01,168.62,0.01,25.03,877.76,972.31,67.89,8.3,84.0,5.7,0.0,977.0,4.5,241.0,0,Peshawar
2024-06-10 05:00:00,3,323.77,1.82,5.23,45.06,2.24,15.95,61.41,0.87,28.9,81.0,25.3,0.0,1002.7,3.0,268.0,0,Karachi
2021-11-14 03:00:00,5,4379.27,64.37,91.85,0.92,22.41,187.64,249.89,88.16,16.7,23.0,-4.5,0.0,973.3,1.3,56.0,82,Peshawar
2023-09-15 22:00:00,4,821.11,0.0,5.36,117.3,7.21,68.05,75.11,6.78,25.3,85.0,22.6,0.2,966.6,4.9,36.0,0,Peshawar
2024-04-08 10:00:00,4,774.38,4.3,24.33,120.16,4.83,51.78,94.97,5.32,29.7,57.0,20.3,0.0,1009.9,1.94,258.0,667,Karachi
2024-02-29 00:00:00,5,2590.18,0.0,45.24,56.51,10.73,81.82,109.24,93.22,10.4,69.0,5.0,0.0,974.6,5.1,231.0,0,Peshawar
2022-03-07 19:00:00,5,1401.9,0.02,31.87,31.11,6.38,62.51,96.26,24.32,18.8,64.0,11.9,0.0,989.5,9.2,339.0,0,Lahore
2024-01-27 05:00:00,5,1081.47,9.28,25.7,47.92,5.66,81.91,119.43,14.44,12.6145,52.565193,3.1645,0.0,841.9874,6.4096174,141.84273,340,Quetta
2022-02-05 07:00:00,4,330.45,1.05,5.44,104.43,3.31,31.41,91.96,2.41,18.7,48.0,7.4,0.0,1008.9,0.71,278.0,0,Karachi
2024-02-24 18:00:00,3,567.44,0.0,16.11,107.29,8.7,30.57,76.71,7.22,27.2,31.0,8.6,0.0,1012.7,3.74,254.0,161,Karachi
2023-02-01 04:00:00,4,1121.52,6.76,33.93,38.62,10.49,57.22,98.64,28.12,6.6645,57.725235,-1.0855,0.0,839.3405,6.9247384,152.10283,172,Quetta
2022-04-26 05:00:00,5,1495.36,3.27,31.53,208.85,19.79,97.31,122.96,31.66,31.4,21.0,6.5,0.0,968.9,5.0,69.0,742,Peshawar
2021-12-07 17:00:00,5,8438.11,153.78,87.74,0.0,24.8,499.3,680.12,63.84,16.3,63.0,9.2,0.0,991.2,10.1,287.0,38,Lahore
2023-09-17 12:00:00,2,250.34,0.5,5.06,41.13,1.73,10.93,40.98,0.65,32.6,62.0,24.4,0.0,1002.3,4.73,264.0,780,Karachi
2023-03-02 22:00:00,5,4272.46,96.56,61.69,0.0,8.94,134.91,172.87,87.14,13.6,93.0,12.5,0.0,961.2,3.8,319.0,0,Islamabad
2022-12-27 18:00:00,5,3952.03,18.33,115.16,0.18,10.61,250.62,292.01,28.12,12.3,48.0,1.6,0.0,955.6,6.2,291.0,0,Islamabad
2024-04-24 09:00:00,3,203.61,0.25,1.14,121.59,0.92,11.29,37.25,1.42,23.8645,26.124708,3.2645001,0.0,838.84174,5.4119864,183.814,910,Quetta
2023-10-26 22:00:00,5,7049.56,73.31,78.14,0.0,8.58,577.08,644.28,16.47,19.1,82.0,16.0,0.0,988.3,6.3,66.0,0,Lahore
2023-09-15 03:00:00,3,881.2,9.28,32.9,21.1,4.05,41.31,96.15,15.71,22.5645,71.32952,17.1145,0.0,838.3346,4.6800003,157.3801,185,Quetta
2023-11-15 22:00:00,5,1041.41,0.0,19.19,80.11,13.59,84.29,130.67,14.31,25.1,43.0,11.7,0.0,1015.8,2.0,53.0,0,Karachi
2021-12-05 15:00:00,5,1281.74,0.0,31.53,51.5,12.28,129.69,143.81,8.49,21.8,44.0,8.9,0.0,989.4,9.0,286.0,300,Lahore
2023-11-12 08:00:00,5,1108.17,2.71,19.36,151.63,17.17,81.9,93.14,7.79,11.3,91.0,9.8,0.0,959.4,3.1,306.0,117,Islamabad
2023-06-20 05:00:00,4,297.07,1.16,5.18,67.23,1.97,31.13,132.18,0.25,29.0,81.0,25.4,0.0,999.8,3.68,248.0,0,Karachi
2023-01-27 09:00:00,5,1121.52,2.91,19.71,155.93,14.9,79.8,90.53,9.88,8.6,67.0,2.8,0.0,959.8,4.2,290.0,207,Islamabad
2021-09-29 08:00:00,5,1108.17,0.42,7.11,188.83,8.35,99.06,108.25,15.07,34.3,40.0,18.8,0.0,968.8,6.5,87.0,769,Peshawar
2023-09-14 11:00:00,5,934.6,0.43,17.65,223.16,30.04,105.6,117.4,9.37,33.6,64.0,25.9,0.0,980.7,10.2,113.0,702,Lahore
2022-05-09 04:00:00,5,420.57,2.51,10.54,94.41,5.54,36.26,101.99,3.17,26.8645,11.649754,-5.3355,0.0,839.8761,1.08,360.0,526,Quetta
2024-01-26 23:00:00,5,2670.29,2.77,32.56,1.74,3.31,330.55,379.66,4.5,8.5,92.0,7.3,0.0,995.3,6.8,3.0,0,Lahore
2022-09-12 11:00:00,5,160.22,0.15,0.95,113.01,0.57,38.78,177.18,0.58,30.7145,12.51143,-1.3855,0.0,836.6341,10.1887,302.00534,532,Quetta
2022-08-06 11:00:00,4,320.43,0.72,7.97,33.62,3.1,12.55,57.06,1.01,31.7,64.0,24.0,0.0,999.1,5.12,282.0,722,Karachi
2024-05-25 02:00:00,3,988.01,2.77,29.47,45.78,4.77,23.77,50.73,25.84,27.9,61.0,19.7,0.0,965.0,2.3,231.0,190,Peshawar
2022-11-13 21:00:00,2,287.06,0.0,4.16,84.4,1.34,11.27,21.81,1.6,7.5145,88.97714,5.8145,0.0,837.3678,5.5887027,284.93146,0,Quetta
2022-11-14 22:00:00,5,2243.04,24.59,56.21,0.11,4.65,78.19,102.95,8.23,13.6,69.0,8.0,0.0,958.7,9.4,342.0,0,Islamabad
2023-12-01 15:00:00,3,494.0,0.0,12.85,70.81,2.86,31.52,88.94,4.56,11.7145,41.08482,-1.0855,0.0,841.4833,4.452954,284.03625,0,Quetta
2023-12-06 14:00:00,5,5393.98,40.23,134.35,0.0,20.98,366.93,456.92,31.92,21.9,51.0,11.3,0.0,990.5,12.0,321.0,436,Lahore
2021-12-06 21:00:00,5,1094.82,0.0,39.07,34.33,6.56,78.95,98.74,16.21,4.1145,44.09479,-7.0355,0.0,836.5375,7.5170207,163.30067,0,Quetta
2024-05-05 18:00:00,3,2109.53,3.41,83.63,2.06,6.44,37.9,57.52,32.93,24.7,61.0,16.7,0.0,964.7,6.9,242.0,0,Peshawar
2022-11-11 02:00:00,5,4913.33,21.9,80.2,0.15,14.54,123.29,162.18,51.17,16.2,40.0,2.6,0.0,978.8,3.6,53.0,2,Peshawar
2022-06-27 01:00:00,5,1708.98,2.57,56.21,6.17,7.87,68.35,119.64,30.91,34.0,23.0,9.9,0.0,942.0,9.9,80.0,0,Islamabad
2023-08-21 07:00:00,5,747.68,0.75,9.25,217.44,20.27,75.08,100.13,7.79,28.6,80.0,24.8,0.0,945.9,3.7,61.0,82,Islamabad
2023-02-21 20:00:00,5,3952.03,51.41,45.24,0.0,16.45,338.36,440.42,74.98,18.6,48.0,7.3,0.0,986.2,10.0,319.0,0,Lahore
2022-08-04 17:00:00,5,1922.61,1.54,67.17,6.26,4.71,71.08,95.88,21.53,33.1,47.0,20.3,0.0,961.4,12.7,8.0,0,Peshawar
2024-05-02 05:00:00,3,1388.55,8.83,42.16,133.04,11.09,49.16,59.27,16.72,15.2,51.0,5.1,0.0,946.2,4.0,360.0,0,Islamabad
2022-08-07 21:00:00,3,741.0,0.0,6.08,86.55,5.07,21.11,21.9,4.31,31.7,54.0,21.2,0.0,940.7,11.6,150.0,0,Islamabad
2021-09-24 00:00:00,5,1308.44,0.03,16.62,20.03,5.84,105.82,113.74,6.9,23.7,95.0,22.9,0.0,983.2,6.5,90.0,0,Lahore
2024-06-15 16:00:00,3,1241.68,0.0,50.04,47.92,6.14,35.62,55.62,17.73,35.7,30.0,15.4,0.0,960.4,7.9,254.0,0,Peshawar
2022-05-04 01:00:00,5,273.7,0.0,2.16,63.66,2.38,36.86,166.07,0.07,27.5,83.0,24.3,0.0,1002.5,5.39,248.0,0,Karachi
2023-01-06 10:00:00,2,293.73,1.76,5.57,80.11,1.89,5.6,10.36,2.6,13.3645,19.736376,-9.3355,0.0,841.9929,9.028754,156.50142,484,Quetta
2022-06-25 09:00:00,5,185.25,0.12,0.54,117.3,0.84,31.42,127.69,0.28,35.664497,9.793105,-0.9354999,0.0,836.19086,11.659777,351.11942,981,Quetta
2022-04-25 19:00:00,3,313.76,0.0,8.4,35.76,3.07,9.06,46.06,2.25,29.8,62.0,21.7,0.0,1004.9,8.32,257.0,42,Karachi
2023-10-26 13:00:00,5,10894.78,67.06,372.89,0.1,42.92,492.27,574.26,51.17,28.5,46.0,15.9,0.0,989.0,4.5,331.0,622,Lahore
2023-08-06 01:00:00,5,867.84,0.0,9.34,67.23,6.79,110.89,122.85,5.95,27.7,89.0,25.7,0.0,975.6,5.7,125.0,0,Lahore
2023-09-10 00:00:00,5,747.68,0.0,8.65,97.27,6.62,109.39,140.07,17.99,28.3,77.0,23.8,0.0,944.2,5.4,86.0,0,Islamabad
2023-05-17 10:00:00,3,175.24,0.17,0.87,103.0,0.57,13.69,44.29,0.11,26.3145,31.479856,8.0645,0.7,838.1002,19.373219,131.98714,835,Quetta
2024-01-26 10:00:00,5,2857.21,6.48,67.17,121.59,38.62,318.7,362.15,16.97,12.3,87.0,10.2,0.0,997.4,2.2,261.0,352,Lahore
2024-03-23 14:00:00,3,1121.52,0.0,41.47,84.4,5.25,36.06,48.85,25.33,24.8,50.0,13.7,0.0,969.4,0.8,27.0,6,Peshawar
2023-06-03 04:00:00,4,330.45,1.77,5.23,39.7,1.94,17.88,106.86,0.71,29.0,88.0,26.8,0.0,1003.0,3.29,250.0,0,Karachi
2022-11-28 07:00:00,5,2429.96,4.02,48.67,208.85,113.49,304.23,327.89,10.39,8.9,97.0,8.5,0.0,986.3,6.3,103.0,2,Lahore
2022-05-12 23:00:00,5,216.96,0.0,1.52,125.89,2.15,52.2,228.32,0.39,30.1,60.0,21.5,0.0,1001.0,6.04,258.0,0,Karachi
2023-07-30 21:00:00,1,250.34,0.0,3.17,51.5,0.48,6.13,18.15,2.37,23.0645,72.783165,17.9145,0.0,831.78827,9.255571,166.50426,0,Quetta
2023-10-21 01:00:00,5,2937.32,5.42,85.68,1.22,14.42,203.4,226.85,65.86,14.8,86.0,12.4,0.0,955.8,3.2,333.0,0,Islamabad
2023-07-17 12:00:00,5,921.25,0.66,13.54,237.46,16.93,45.87,47.55,3.96,34.4,55.0,24.1,0.0,943.7,5.4,228.0,830,Islamabad
2023-06-07 20:00:00,3,240.33,0.01,4.2,31.11,2.03,11.54,56.0,0.38,30.5,80.0,26.6,0.0,1002.4,3.57,191.0,2,Karachi
2023-02-15 16:00:00,5,7049.56,87.62,152.17,0.0,13.11,432.6,490.42,54.72,23.9,31.0,5.7,0.0,953.1,9.5,299.0,409,Islamabad
2022-06-17 06:00:00,4,640.87,0.19,7.8,168.8,8.82,45.45,54.95,7.35,33.7,40.0,18.3,0.0,961.6,11.8,38.0,882,Peshawar
2023-08-09 19:00:00,4,250.34,0.0,2.53,33.26,1.31,27.46,104.21,0.24,28.3,79.0,24.3,0.0,1003.6,5.99,242.0,50,Karachi
2022-02-04 11:00:00,5,1041.41,2.77,33.93,130.18,52.45,81.26,87.95,8.99,12.4,61.0,5.1,0.0,951.1,1.6,27.0,560,Islamabad
2022-11-29 11:00:00,3,297.07,0.58,3.34,100.14,1.91,18.21,37.16,1.66,16.314499,22.900225,-4.9355,0.0,841.3859,8.217153,331.1893,351,Quetta
2022-05-26 08:00:00,5,660.9,0.31,3.9,243.19,7.75,62.91,77.38,9.63,37.4,18.0,9.1,0.0,961.9,7.3,99.0,997,Peshawar
2022-03-20 05:00:00,5,2002.72,6.93,39.76,100.14,22.89,216.25,250.94,22.55,20.8,94.0,19.7,0.0,977.5,10.0,52.0,0,Lahore
2023-01-24 16:00:00,5,4699.71,76.0,56.21,0.0,20.27,341.72,423.11,29.13,17.8,48.0,6.8,0.0,987.1,5.2,348.0,233,Lahore
2022-06-24 22:00:00,5,2349.85,0.0,85.0,16.63,8.58,67.94,99.96,77.01,31.2,24.0,8.3,0.0,958.8,5.5,32.0,0,Peshawar
2022-08-15 20:00:00,4,1535.42,8.16,40.1,0.03,5.01,33.57,37.93,5.89,26.5,75.0,21.7,0.0,946.3,8.6,112.0,0,Islamabad
2023-10-25 03:00:00,5,5340.58,106.39,70.6,0.3,26.7,193.7,217.94,32.93,25.4,92.0,24.0,0.0,1012.5,1.22,325.0,0,Karachi
2023-04-22 20:00:00,5,5821.23,103.71,104.19,0.0,19.55,124.54,156.16,102.34,23.6,36.0,7.7,0.0,948.5,0.8,297.0,0,Islamabad
2021-11-09 06:00:00,5,2429.96,27.49,67.17,72.24,17.17,156.92,191.07,26.85,17.6645,22.581118,-3.9854999,0.0,844.76447,6.3690495,317.29062,622,Quetta
2023-03-03 00:00:00,5,1708.98,0.0,33.24,50.07,17.4,117.97,158.48,34.45,23.9,65.0,16.9,0.0,1017.6,1.21,336.0,0,Karachi
2024-03-25 09:00:00,3,223.64,0.3,1.14,100.14,0.64,12.18,50.35,1.98,23.2145,34.427814,6.6645,0.0,842.988,9.826088,171.57312,810,Quetta
2024-02-06 09:00:00,3,600.81,2.29,14.05,131.61,17.17,23.64,28.35,6.21,7.9,76.0,3.9,0.0,959.8,2.7,293.0,247,Islamabad
2023-12-22 21:00:00,4,1255.04,0.02,45.24,18.24,9.06,65.23,84.11,18.49,5.9145,60.122967,-1.2354999,0.0,837.0989,6.151683,159.44388,0,Quetta
2024-03-01 14:00:00,2,514.03,0.0,17.14,75.1,4.23,9.43,11.56,7.16,13.8,83.0,11.0,2.7,954.1,13.8,110.0,123,Islamabad
2022-07-19 15:00:00,5,6515.5,134.11,161.77,0.01,15.97,61.81,67.87,21.28,38.7,31.0,18.5,0.0,939.4,8.9,243.0,383,Islamabad
2022-01-31 23:00:00,5,6088.26,26.15,131.61,0.01,17.88,455.72,537.72,61.81,10.8,41.0,-2.0,0.0,973.5,1.1,342.0,0,Peshawar
2022-04-21 23:00:00,4,273.7,0.0,2.66,72.24,2.56,32.01,84.55,0.74,27.6,71.0,21.8,0.0,1007.4,5.35,262.0,0,Karachi
2023-01-01 07:00:00,5,1335.14,9.05,36.33,84.4,41.48,77.25,135.81,13.55,13.2,91.0,11.8,0.0,1018.9,1.22,9.0,0,Karachi
2023-02-13 19:00:00,5,1068.12,0.0,31.53,128.75,10.97,78.18,133.58,13.17,24.3,37.0,8.7,0.0,1015.8,2.92,264.0,5,Karachi
2023-08-14 22:00:00,3,694.27,0.0,6.68,107.29,6.79,38.26,43.94,4.12,25.3,83.0,22.2,0.0,965.5,5.6,15.0,0,Peshawar
2021-11-25 12:00:00,5,4806.52,3.44,213.86,44.7,26.94,190.41,229.43,55.73,21.4,18.0,-3.9,0.0,973.8,3.9,146.0,57,Peshawar
2023-01-21 07:00:00,4,1001.36,4.41,19.88,103.0,24.56,65.41,83.44,6.65,6.5,93.0,5.5,0.0,992.8,7.6,8.0,0,Lahore
2022-03-23 06:00:00,5,5340.58,36.66,146.69,94.41,21.22,319.25,406.63,116.53,27.7,21.0,3.4,0.0,969.2,3.1,69.0,672,Peshawar
2023-12-21 21:00:00,5,6195.07,41.13,100.08,0.0,23.37,643.75,728.39,24.32,9.8,95.0,9.1,0.0,991.2,5.4,82.0,0,Lahore
2023-06-19 23:00:00,4,216.96,0.0,0.9,46.49,1.16,30.06,151.99,0.0,29.7,78.0,25.5,0.0,1001.2,3.72,246.0,0,Karachi
2021-10-29 00:00:00,5,2056.12,0.01,58.95,25.39,12.28,119.03,150.59,71.94,19.5,34.0,3.2,0.0,976.7,3.7,61.0,0,Peshawar
2022-07-05 10:00:00,4,694.27,0.71,22.62,103.0,34.81,29.22,31.54,5.19,33.6,63.0,25.7,0.0,974.3,8.0,117.0,559,Lahore
2022-09-18 10:00:00,5,794.41,1.09,10.71,183.11,6.02,50.85,61.35,10.39,28.5,49.0,16.7,0.0,948.8,5.5,281.0,648,Islamabad
2023-05-06 00:00:00,2,507.35,0.0,15.25,39.7,1.82,19.05,36.34,8.23,13.0145,74.89251,8.6645,0.0,833.6342,7.2,143.13002,0,Quetta
2024-01-14 14:00:00,5,7049.56,90.3,146.69,0.0,38.15,502.94,587.92,45.6,13.1,79.0,9.5,0.0,991.4,3.4,302.0,469,Lahore
2023-11-21 23:00:00,4,1054.76,0.0,35.3,38.98,10.37,74.88,112.01,14.57,12.9145,55.88547,4.3145,0.0,839.8459,4.198285,149.03632,0,Quetta
2022-10-22 16:00:00,5,10360.72,173.45,233.05,0.0,64.85,401.93,498.52,120.58,28.4,43.0,14.5,0.0,990.2,2.4,27.0,259,Lahore
2022-12-03 01:00:00,5,3524.78,11.18,82.94,0.11,24.8,220.21,287.5,26.35,20.4,91.0,18.8,0.0,1011.8,1.08,338.0,0,Karachi
2024-04-02 02:00:00,4,2109.53,4.36,58.26,15.91,10.73,55.94,83.94,107.41,14.4,79.0,10.8,0.0,969.4,4.8,228.0,64,Peshawar
2022-09-05 02:00:00,4,894.55,0.13,20.91,66.52,12.64,30.47,33.85,5.26,26.4,69.0,20.2,0.0,944.1,10.7,104.0,0,Islamabad
2023-05-10 21:00:00,5,2296.45,0.0,91.85,43.99,10.49,80.82,111.69,68.9,21.7,61.0,13.8,0.0,968.3,5.3,242.0,0,Peshawar
2023-06-02 02:00:00,3,247.0,0.03,2.03,39.7,1.76,15.99,79.0,0.25,29.2,85.0,26.4,0.0,1003.9,3.55,238.0,0,Karachi
2021-09-10 05:00:00,4,1228.33,9.72,41.13,82.97,49.11,28.79,33.22,6.65,23.6,86.0,21.1,1.1,945.3,9.7,86.0,0,Islamabad
2023-12-16 16:00:00,4,1161.58,0.0,43.53,59.37,7.99,72.21,101.28,13.17,27.8,38.0,12.2,0.0,1014.2,2.59,242.0,365,Karachi
2021-11-16 21:00:00,5,7797.24,105.5,238.54,0.0,45.3,387.43,431.23,93.22,17.0,28.0,-1.7,0.0,954.6,5.4,8.0,0,Islamabad
2022-05-30 03:00:00,5,1121.52,1.23,33.93,95.84,23.6,127.09,226.68,24.07,29.1,36.0,12.7,0.0,971.4,9.1,99.0,0,Lahore
2024-03-19 03:00:00,5,3070.83,40.23,57.58,10.37,11.32,76.19,111.26,83.09,15.9,61.0,8.4,0.0,974.9,2.0,225.0,197,Peshawar
2021-09-13 03:00:00,5,1642.23,31.74,18.51,5.45,7.09,57.73,82.65,14.19,22.6,97.0,22.1,0.0,977.2,7.2,357.0,0,Lahore
2022-10-19 01:00:00,5,3391.27,15.65,87.74,0.02,14.07,208.03,258.86,60.8,20.8,45.0,8.5,0.0,971.4,4.8,27.0,0,Peshawar
2023-07-22 23:00:00,2,223.64,0.0,2.78,32.54,2.83,18.14,36.01,0.49,29.1,83.0,25.9,0.0,1001.4,2.6,254.0,0,Karachi
2022-08-23 08:00:00,5,707.63,0.42,5.74,200.27,13.71,100.16,105.35,5.83,30.8,72.0,25.3,0.0,977.3,5.8,83.0,260,Lahore
2021-11-12 22:00:00,5,3417.97,6.31,120.64,0.59,15.02,134.42,186.8,60.29,17.3,27.0,-1.9,0.0,974.4,4.6,51.0,0,Peshawar
2023-06-10 16:00:00,4,3017.43,10.95,113.79,0.49,11.32,62.88,92.5,23.31,32.6,49.0,20.5,0.0,941.2,4.4,35.0,394,Islamabad
2024-05-07 08:00:00,4,473.98,0.43,3.34,160.22,1.46,6.61,13.36,2.03,36.4,20.0,9.8,0.0,968.0,5.8,30.0,976,Peshawar
2022-09-13 08:00:00,5,1174.93,10.62,38.39,77.25,8.82,47.1,143.62,9.5,30.3,59.0,21.4,0.0,1002.2,3.31,335.0,140,Karachi
2022-01-31 00:00:00,5,5287.17,82.25,26.73,0.0,13.59,495.04,586.26,28.63,10.4,85.0,8.0,0.0,984.7,6.3,193.0,0,Lahore
2022-04-05 20:00:00,5,3391.27,20.56,87.74,0.02,12.28,161.42,224.3,76.0,25.3,18.0,-0.7,0.0,971.4,5.9,11.0,0,Peshawar
2022-10-11 20:00:00,5,600.81,0.0,25.7,46.49,4.59,48.59,135.54,4.75,29.7,37.0,13.4,0.0,1008.1,4.55,251.0,0,Karachi
2022-03-21 05:00:00,4,774.38,4.3,26.39,110.15,8.46,34.25,91.11,7.35,22.6,67.0,16.2,0.0,1007.4,3.48,288.0,0,Karachi
2024-04-03 12:00:00,4,921.25,0.56,30.16,177.38,22.17,58.65,79.5,12.54,30.3,32.0,11.7,0.0,984.5,12.5,134.0,854,Lahore
2021-12-09 08:00:00,5,921.25,3.32,25.02,141.62,53.88,81.98,102.4,9.25,20.8,26.0,0.6,0.0,1018.9,4.02,55.0,39,Karachi
2023-11-04 19:00:00,5,1108.17,0.0,38.73,53.64,7.87,84.3,140.01,11.15,28.5,73.0,23.2,0.0,1010.8,2.16,236.0,0,Karachi
2023-03-06 12:00:00,4,1508.71,12.96,53.47,47.21,8.11,64.48,123.31,14.69,33.2,25.0,10.5,0.0,1015.6,1.53,122.0,834,Karachi
2022-01-12 04:00:00,5,1174.93,1.49,32.22,49.35,4.83,62.92,69.44,8.61,3.0145001,59.838467,-4.0355,0.0,837.6893,1.835647,168.69011,106,Quetta
2023-08-30 12:00:00,3,320.43,3.24,8.23,27.54,2.65,21.21,68.13,0.93,30.8,61.0,22.4,0.0,1007.0,4.43,264.0,732,Karachi
2024-03-12 07:00:00,4,814.44,1.82,10.28,141.62,2.98,16.63,25.33,7.41,23.7,34.0,6.9,0.0,976.7,4.6,45.0,813,Peshawar
2023-03-01 08:00:00,3,243.66,0.3,2.06,101.57,0.73,4.0,11.4,1.22,14.2645,50.65253,4.1645,0.0,842.9043,7.4128532,240.94548,472,Quetta
2022-10-28 05:00:00,5,1054.76,14.19,28.79,55.07,9.54,52.16,101.04,10.64,17.0145,16.944832,-8.2855,0.0,844.24634,1.835647,11.3098955,534,Quetta
2022-07-29 18:00:00,4,226.97,0.01,2.53,28.25,1.21,14.96,73.71,0.15,30.1,69.0,23.8,0.0,1003.6,9.1,255.0,249,Karachi
2023-03-25 01:00:00,3,881.2,0.0,12.51,60.8,4.65,42.14,46.11,7.22,13.7,86.0,11.4,0.5,971.5,2.4,333.0,0,Peshawar
2023-10-15 16:00:00,5,3364.56,28.39,104.19,0.0,11.21,95.58,127.39,34.96,21.5,82.0,18.3,0.0,971.2,3.7,259.0,0,Peshawar
2021-11-22 08:00:00,5,3738.4,11.06,83.63,157.36,19.31,200.34,230.7,20.01,23.9,11.0,-8.4,0.0,973.5,3.2,90.0,595,Peshawar
2024-03-25 03:00:00,5,2536.77,29.5,61.69,13.59,13.59,77.5,114.47,117.54,18.4,51.0,8.1,0.0,975.8,2.8,220.0,222,Peshawar
2022-06-24 18:00:00,5,3685.0,28.39,117.9,0.01,7.33,78.71,107.48,28.12,37.0,16.0,7.0,0.0,940.0,13.1,307.0,308,Islamabad
2023-01-31 20:00:00,5,1308.44,0.0,26.73,87.26,15.97,91.03,126.57,17.23,20.7,40.0,6.6,0.0,1017.9,2.92,38.0,0,Karachi
2023-06-20 00:00:00,5,2883.91,0.26,69.23,13.59,8.11,153.96,176.73,20.77,30.3,69.0,24.1,0.0,973.5,4.1,165.0,0,Lahore
2022-05-13 03:00:00,5,3391.27,42.02,72.66,18.78,18.12,164.13,230.69,44.58,26.8,46.0,14.3,0.0,971.4,7.3,110.0,0,Lahore
2022-07-04 06:00:00,3,774.38,0.76,11.14,144.48,18.84,14.65,15.27,3.55,31.4,56.0,21.5,0.1,941.8,14.3,115.0,8,Islamabad
2023-12-14 19:00:00,5,6034.85,33.97,167.25,0.0,29.8,378.84,464.89,87.14,7.6,73.0,3.1,0.0,978.0,5.4,228.0,0,Peshawar
2021-09-06 23:00:00,5,1001.36,0.0,14.05,49.35,5.54,91.57,100.42,12.67,29.5,78.0,25.2,0.0,979.3,7.4,133.0,0,Lahore
2023-04-05 15:00:00,4,3391.27,50.96,71.97,0.0,7.09,67.99,92.18,34.96,18.2,71.0,12.8,0.0,972.7,3.9,292.0,0,Peshawar
2024-03-07 11:00:00,4,1361.85,8.38,51.41,117.3,30.99,69.78,95.2,10.01,25.8,46.0,13.3,0.0,1016.3,1.62,68.0,725,Karachi
2024-03-15 02:00:00,4,1148.22,0.11,34.96,61.51,6.91,50.22,59.48,25.33,11.4,80.0,8.0,0.0,955.3,4.8,312.0,0,Islamabad
2022-08-31 19:00:00,5,6301.88,175.24,106.93,0.0,18.6,102.03,127.69,77.01,31.5,48.0,19.1,0.0,944.2,8.7,5.0,13,Islamabad
2022-01-08 09:00:00,5,1228.33,3.41,17.65,65.8,29.56,57.19,63.88,4.31,12.2,95.0,11.4,0.2,989.4,6.5,161.0,39,Lahore
2022-04-11 20:00:00,5,313.76,0.0,5.83,90.84,2.8,57.51,143.19,0.38,28.2,75.0,23.3,0.0,1003.7,5.66,226.0,0,Karachi
2022-03-01 12:00:00,5,1161.58,4.19,40.1,111.58,7.87,108.24,158.5,9.25,28.8,32.0,10.5,0.0,1015.2,2.82,247.0,791,Karachi
2021-10-08 01:00:00,4,620.84,0.0,14.22,48.64,4.95,34.97,76.4,6.9,18.0145,16.283527,-7.9855003,0.0,837.9215,3.8939953,146.3099,0,Quetta
2023-11-01 04:00:00,5,4539.49,82.25,81.57,1.04,19.31,174.82,220.74,45.09,21.9,76.0,17.5,0.0,980.0,3.1,135.0,301,Peshawar
2023-10-22 06:00:00,5,1482.01,18.1,39.76,70.81,8.58,83.81,143.15,14.82,20.6645,20.868147,-2.5355,0.0,845.9597,11.480557,318.81418,684,Quetta
2023-08-07 21:00:00,3,1441.96,0.25,39.76,8.05,3.43,47.71,61.04,16.21,27.1,76.0,22.5,0.2,958.1,6.4,128.0,0,Peshawar
2023-08-11 14:00:00,5,195.26,0.04,2.16,103.0,0.51,61.76,345.32,0.63,32.614502,13.180119,0.81450003,0.0,838.0642,7.24486,243.43501,85,Quetta
2022-06-11 00:00:00,4,360.49,0.0,14.05,56.51,1.83,17.24,51.18,10.26,19.9145,38.915714,5.5145,0.0,830.5674,8.825508,168.23174,0,Quetta
2021-11-07 19:00:00,5,4859.92,12.74,172.73,0.26,26.94,228.7,286.61,89.17,20.4,22.0,-2.0,0.0,975.0,4.7,9.0,0,Peshawar
2023-06-30 05:00:00,5,854.49,0.54,6.34,214.58,7.51,52.0,55.27,3.39,30.3,62.0,22.2,0.0,962.8,6.8,65.0,579,Peshawar
2022-10-01 14:00:00,5,3150.94,0.0,124.75,53.64,34.33,102.26,133.71,19.76,32.8,32.0,13.9,0.0,945.7,10.0,195.0,725,Islamabad
2023-06-11 23:00:00,5,4165.65,45.15,137.09,0.0,18.36,121.67,153.59,85.12,27.5,69.0,21.3,0.0,941.7,3.7,349.0,0,Islamabad
2021-12-21 09:00:00,5,3524.78,4.64,81.57,226.02,106.81,420.88,456.56,10.64,9.5,85.0,7.1,0.0,992.5,5.4,127.0,178,Lahore
2022-04-27 12:00:00,5,741.0,0.67,20.39,248.91,23.37,48.88,69.62,13.55,39.0,15.0,7.3,0.0,981.1,8.4,290.0,887,Lahore
2022-02-18 07:00:00,4,1148.22,2.99,15.42,130.18,4.17,29.12,35.31,8.36,19.4,23.0,-2.3,0.0,976.0,4.4,325.0,590,Peshawar
2022-04-27 18:00:00,5,5714.42,50.51,135.72,0.0,59.6,285.7,370.06,202.66,36.6,17.0,7.2,0.0,977.4,8.9,256.0,129,Lahore
2023-12-15 10:00:00,5,5874.63,8.61,168.62,98.71,76.29,582.67,670.69,24.83,15.4,75.0,11.0,0.0,994.4,3.7,169.0,288,Lahore
2022-08-03 18:00:00,5,3124.24,31.29,90.48,0.0,9.3,87.43,118.81,51.17,32.5,49.0,20.4,0.0,961.7,7.3,340.0,0,Peshawar
2022-05-07 18:00:00,4,250.34,0.0,2.68,88.69,1.34,24.55,66.72,1.17,26.5645,11.767727,-5.4355,0.0,840.5558,3.4152596,198.43504,0,Quetta
2021-12-19 22:00:00,5,7049.56,13.52,160.4,0.14,24.32,542.76,600.89,76.0,9.5,16.0,-15.1,0.0,978.4,1.6,63.0,0,Peshawar
2024-04-24 10:00:00,5,640.87,0.95,13.54,191.69,17.88,36.17,44.24,10.51,28.9,43.0,15.2,0.0,983.1,2.1,31.0,677,Lahore
2023-02-14 00:00:00,5,4859.92,81.36,58.26,0.0,22.65,353.11,485.19,105.38,11.0,41.0,-1.7,0.0,990.7,7.6,270.0,0,Lahore
2024-02-18 19:00:00,4,1321.79,0.0,39.76,38.62,5.3,68.74,82.74,7.22,11.8,97.0,11.3,2.9,970.9,4.0,10.0,0,Peshawar
2023-01-22 17:00:00,3,867.84,0.0,23.31,60.08,4.53,41.38,55.87,14.31,-2.2855,65.20835,-7.9355,0.0,837.42267,2.0991426,120.96369,0,Quetta
2024-01-11 06:00:00,5,1441.96,14.98,37.36,66.52,16.69,77.26,91.46,26.6,13.6145,29.817959,-3.7354999,0.0,842.29675,1.2979984,56.309914,519,Quetta
2023-09-19 13:00:00,3,647.54,0.96,33.59,11.98,3.76,13.02,53.21,3.17,34.2,58.0,24.8,0.0,1002.9,4.9,271.0,833,Karachi
2024-03-25 01:00:00,2,343.8,0.0,6.51,72.24,4.05,17.27,38.0,3.04,24.2,91.0,22.6,0.0,1010.9,0.94,238.0,0,Karachi
2022-02-10 19:00:00,5,6195.07,54.54,186.44,0.0,36.72,309.19,388.15,194.55,12.4,23.0,-8.2,0.0,978.2,6.4,286.0,0,Peshawar
2023-03-18 16:00:00,4,1869.2,0.22,63.06,20.38,6.26,67.76,97.84,49.14,19.0,69.0,13.2,0.0,972.9,3.9,304.0,0,Peshawar
2022-11-26 07:00:00,5,2056.12,2.93,33.59,211.72,39.58,247.72,273.51,8.99,9.8,99.0,9.7,0.0,988.3,6.8,288.0,3,Lahore
2024-06-20 11:00:00,3,330.45,0.04,5.91,127.32,2.77,15.52,35.35,4.05,38.7,25.0,15.2,0.2,956.3,15.3,214.0,534,Peshawar
2021-12-08 20:00:00,5,1108.17,0.01,29.13,23.6,5.13,56.19,84.26,9.12,6.5145,43.639526,-4.9855,0.0,840.6492,2.7416782,156.80138,0,Quetta
2024-03-14 03:00:00,4,1949.31,5.98,68.55,41.84,21.22,73.74,112.43,35.46,23.1,32.0,5.5,0.0,1012.0,2.19,317.0,0,Karachi
2022-11-16 08:00:00,5,907.9,2.4,19.19,154.5,30.99,52.77,66.48,6.14,14.8,84.0,12.2,0.0,989.8,6.5,276.0,96,Lahore
2024-06-28 06:00:00,5,867.84,0.49,7.2,231.74,9.54,69.82,83.18,17.48,35.7,44.0,21.6,0.0,962.0,7.5,107.0,834,Peshawar
2023-05-30 06:00:00,4,574.11,0.64,6.08,151.63,8.82,33.84,40.69,9.37,22.5,82.0,19.2,0.0,985.4,11.5,314.0,24,Lahore
2022-03-03 09:00:00,2,594.14,0.62,15.42,107.29,13.95,9.38,11.17,4.75,13.5,72.0,8.5,0.5,959.3,10.4,76.0,63,Islamabad
2022-03-08 00:00:00,5,1815.8,1.96,45.24,4.69,3.87,84.56,103.91,27.87,15.5,61.0,8.0,0.0,957.4,7.7,349.0,0,Islamabad
2022-04-20 22:00:00,5,1014.71,0.0,21.59,43.27,11.44,60.18,86.44,39.01,27.5,23.0,4.3,0.0,980.5,7.9,360.0,0,Lahore
2023-12-25 21:00:00,5,6462.1,38.0,183.7,0.0,35.29,355.0,443.5,108.42,8.8,71.0,3.9,0.0,978.5,5.2,236.0,0,Peshawar
2022-04-06 12:00:00,5,2349.85,5.03,95.96,165.94,25.51,85.28,114.18,25.08,36.2,17.0,7.6,0.0,986.4,9.4,288.0,875,Lahore
2023-08-22 12:00:00,5,814.44,1.08,20.56,174.52,14.31,75.92,120.38,11.02,35.2,55.0,24.8,0.0,942.5,11.5,266.0,744,Islamabad
2023-10-29 04:00:00,5,3391.27,30.4,58.26,15.91,11.68,243.17,290.94,14.44,18.8,92.0,17.5,0.0,987.4,4.0,85.0,0,Lahore
2022-08-20 22:00:00,4,201.94,0.0,0.91,32.19,1.07,22.93,93.63,0.03,28.4,79.0,24.4,0.0,1000.9,5.38,235.0,0,Karachi
2023-09-09 12:00:00,5,761.03,0.94,21.93,178.81,15.97,80.38,119.62,12.67,32.9,50.0,21.1,0.0,947.1,6.3,211.0,684,Islamabad
2022-09-15 01:00:00,5,1428.6,0.04,24.33,21.99,6.62,96.56,115.37,16.09,27.1,76.0,22.6,0.0,978.6,6.9,141.0,0,Lahore
2023-11-06 13:00:00,5,4112.24,32.19,142.57,0.02,29.33,170.99,233.43,31.92,27.9,45.0,14.8,0.0,990.1,4.9,216.0,520,Lahore
2022-03-20 19:00:00,5,2777.1,38.89,36.33,0.0,10.85,157.89,223.89,53.2,22.8,69.0,16.8,0.0,978.8,15.0,66.0,1,Lahore
2022-10-09 12:00:00,3,180.24,0.18,1.32,101.57,0.44,13.23,45.85,0.61,22.4145,5.2019744,-18.6855,0.0,840.82837,10.685391,302.61923,314,Quetta
2021-10-11 03:00:00,5,1508.71,5.7,33.93,24.68,10.49,117.67,160.31,25.84,22.5,78.0,18.5,0.0,979.0,12.8,52.0,0,Lahore
2023-02-02 12:00:00,5,2082.82,0.67,51.41,144.48,10.61,147.6,169.15,30.15,17.0,48.0,5.9,0.0,958.3,11.2,291.0,463,Islamabad
2022-02-10 15:00:00,5,4005.43,23.47,119.27,0.09,20.5,237.99,302.49,42.56,19.9,43.0,7.1,0.0,991.3,10.8,307.0,496,Lahore
2022-03-14 18:00:00,5,3257.75,1.37,57.58,8.4,15.74,390.12,461.19,17.73,26.0,73.0,20.8,0.0,983.1,8.6,68.0,68,Lahore
2022-05-24 08:00:00,4,195.26,0.35,1.21,113.01,0.81,17.01,68.71,0.78,28.8145,5.372561,-13.7355,0.0,837.6097,9.085988,326.3099,1066,Quetta
2024-06-05 05:00:00,3,1762.39,12.07,66.49,82.25,11.56,25.27,35.78,13.81,27.8,38.0,12.2,0.0,944.0,6.3,301.0,0,Islamabad
2022-04-10 19:00:00,5,3524.78,29.5,93.22,0.0,11.44,155.32,245.08,80.05,29.5,18.0,2.7,0.0,965.3,3.5,24.0,0,Peshawar
2023-11-28 01:00:00,4,560.76,0.0,11.48,73.67,4.17,50.39,72.93,11.91,5.3145,75.40162,1.3145001,0.0,835.84674,7.42159,157.1663,0,Quetta
2022-02-16 04:00:00,5,907.9,5.53,24.68,51.5,7.33,58.33,119.91,11.78,6.5645,46.53934,-4.0855,0.0,835.7519,1.2979984,123.690094,221,Quetta
2024-06-01 10:00:00,4,277.04,0.29,2.66,167.37,0.79,4.07,8.66,1.23,42.4,7.0,-0.6,0.0,962.4,7.0,21.0,831,Peshawar
2022-08-12 11:00:00,1,303.75,0.06,1.17,62.94,0.44,1.54,1.83,0.53,28.4645,45.37453,15.5145,0.0,833.6046,15.281989,133.09087,493,Quetta
2023-11-23 09:00:00,3,220.3,0.56,2.03,113.01,1.06,6.25,25.26,0.82,15.1645,5.463214,-23.3355,0.0,839.6842,7.9932976,277.76508,667,Quetta
2022-07-19 18:00:00,4,236.99,0.0,3.04,35.05,1.43,29.0,44.13,0.21,31.1,73.0,25.7,0.0,999.5,6.86,224.0,236,Karachi
2022-10-08 23:00:00,5,1348.5,0.92,24.33,4.87,4.71,97.25,113.73,8.61,23.4,84.0,20.5,0.0,984.4,11.5,166.0,0,Lahore
2023-03-21 08:00:00,5,961.3,0.89,10.45,177.38,22.65,78.12,83.03,8.87,17.2,86.0,14.8,0.0,984.8,7.2,96.0,195,Lahore
2021-12-26 11:00:00,5,1348.5,0.62,24.68,71.53,10.73,199.39,214.21,11.15,15.0,84.0,12.2,0.0,993.2,2.7,203.0,281,Lahore
2021-12-03 16:00:00,5,974.66,0.0,32.22,45.42,5.96,56.4,75.59,12.67,9.8645,32.10063,-6.0355,0.0,839.61523,6.5693827,170.53775,0,Quetta
2024-03-29 05:00:00,2,574.11,5.87,12.34,57.22,1.8,15.47,23.53,8.74,16.8645,64.22391,10.0645,0.0,838.0472,14.33234,154.72232,608,Quetta
2024-02-27 04:00:00,3,1001.36,1.93,27.76,98.71,14.9,49.47,64.19,12.29,18.8,52.0,8.7,0.0,1014.6,7.37,42.0,0,Karachi
2023-01-18 02:00:00,5,4539.49,51.86,60.32,0.0,10.25,340.7,411.43,16.72,5.7,78.0,2.2,0.0,991.1,6.8,302.0,0,Lahore
2023-12-30 21:00:00,5,1201.63,0.0,20.73,81.54,11.68,141.02,184.14,13.43,22.2,36.0,6.4,0.0,1015.0,1.24,76.0,0,Karachi
2023-08-03 03:00:00,5,2590.18,50.96,44.55,8.31,20.03,90.75,128.2,10.26,25.1,100.0,25.1,3.0,973.6,13.2,151.0,0,Lahore
2024-03-25 01:00:00,4,1508.71,0.05,52.78,23.25,9.78,54.87,84.33,135.78,15.9,47.0,4.6,0.0,975.0,5.1,225.0,0,Peshawar
2022-02-26 19:00:00,5,4913.33,40.23,123.38,0.0,14.66,246.75,299.38,78.02,13.1,56.0,4.5,0.0,980.9,4.3,5.0,0,Peshawar
2024-05-25 12:00:00,4,500.68,0.94,15.25,158.79,12.99,28.8,64.49,5.51,40.6,20.0,12.9,0.0,976.6,13.5,318.0,850,Lahore
2023-05-07 06:00:00,3,353.81,1.66,6.0,68.66,3.22,21.72,66.79,1.5,26.8,86.0,24.3,0.0,1006.7,2.26,257.0,0,Karachi
2023-11-30 14:00:00,5,4325.87,64.37,95.96,0.0,16.93,168.2,209.68,38.0,15.0,81.0,11.8,0.0,978.5,3.6,315.0,0,Peshawar
2023-03-29 04:00:00,5,3017.43,36.66,74.03,26.82,16.21,137.16,158.6,69.92,15.9,62.0,8.6,0.0,950.7,4.0,10.0,0,Islamabad
2022-03-19 19:00:00,5,3845.21,76.89,68.55,0.0,14.19,123.97,170.1,112.47,26.1,39.0,11.0,0.0,945.7,8.1,291.0,2,Islamabad
2022-05-05 00:00:00,4,1695.63,1.51,63.75,7.78,4.71,45.7,55.05,14.57,23.1,46.0,10.8,0.0,949.9,9.4,342.0,0,Islamabad
2022-12-13 21:00:00,5,1161.58,0.0,36.33,39.7,12.28,72.89,96.29,21.53,6.8645,40.094883,-5.7855,0.0,839.2923,3.671294,168.69011,0,Quetta
2022-09-25 10:00:00,5,821.11,0.3,4.97,183.11,6.44,107.06,131.27,11.78,32.2,43.0,18.1,0.0,962.2,10.5,38.0,621,Peshawar
2023-03-23 11:00:00,2,277.04,0.12,1.78,80.82,1.73,4.21,6.77,1.28,12.4145,71.06378,7.3145,0.7,830.4176,9.007196,182.29056,184,Quetta
2023-09-17 07:00:00,5,894.55,0.78,7.8,211.72,14.78,66.64,74.19,7.09,24.0,86.0,21.5,0.2,947.7,3.8,17.0,51,Islamabad
2023-08-06 19:00:00,4,654.22,0.0,12.0,75.1,5.01,51.45,63.09,5.26,31.5,66.0,24.3,0.1,939.3,8.4,121.0,34,Islamabad
2023-06-30 14:00:00,5,6248.47,39.79,307.08,11.27,30.99,111.8,121.09,33.44,33.1,53.0,22.2,0.0,942.0,6.2,201.0,843,Islamabad
2024-05-23 20:00:00,3,534.06,0.0,23.65,80.82,5.3,26.69,79.36,13.05,23.7645,20.678495,-0.08549994,0.0,834.22345,6.28713,156.3706,0,Quetta
2023-10-02 14:00:00,5,3097.53,1.16,134.35,26.82,16.21,158.48,209.27,38.5,27.2,53.0,16.8,0.0,967.9,5.4,37.0,0,Peshawar
2023-08-14 18:00:00,5,400.54,0.0,14.91,77.96,2.26,139.57,670.09,5.0,24.5645,15.460972,-3.3855,0.0,836.62665,5.4833565,156.80138,0,Quetta
2024-03-04 16:00:00,4,1535.42,0.0,54.15,107.29,20.5,73.24,95.64,23.31,25.2,17.0,-1.6,0.0,1014.5,2.97,228.0,645,Karachi
2022-08-19 11:00:00,5,243.66,0.42,3.77,35.05,1.61,25.81,119.53,0.26,28.5,76.0,23.8,0.0,1000.9,4.62,219.0,155,Karachi
2023-10-18 01:00:00,3,554.08,0.0,9.94,72.24,12.4,39.61,68.05,5.64,27.0,84.0,24.1,0.0,1012.9,0.98,294.0,0,Karachi
2023-12-16 21:00:00,5,3738.4,46.94,82.25,0.0,14.9,183.98,245.28,37.49,11.3,71.0,6.2,0.0,956.3,2.2,360.0,0,Islamabad
2022-03-29 19:00:00,5,827.79,0.0,28.45,81.54,6.79,55.31,127.44,10.13,28.1,59.0,19.3,0.0,1005.4,6.05,262.0,27,Karachi
2022-05-27 13:00:00,5,761.03,0.21,18.34,148.77,7.99,68.42,102.43,11.02,38.7,13.0,5.4,0.0,955.2,11.0,293.0,209,Peshawar
2022-03-11 11:00:00,5,2349.85,3.63,75.4,311.85,14.9,282.0,339.97,15.58,31.3,27.0,10.1,0.0,1013.9,0.41,76.0,700,Karachi
2024-03-12 04:00:00,5,3898.62,67.06,62.38,12.87,10.85,105.73,143.41,68.9,17.3,61.0,9.7,0.0,978.2,1.5,194.0,377,Peshawar
2022-07-05 18:00:00,4,1508.71,2.77,57.58,3.04,3.58,25.04,33.48,17.99,37.7,39.0,21.4,0.0,958.6,11.7,133.0,0,Peshawar
2023-11-18 03:00:00,5,4859.92,73.31,98.71,0.66,21.46,268.67,313.37,57.25,11.3,86.0,9.0,0.0,956.2,3.2,333.0,0,Islamabad
2021-10-01 04:00:00,5,1228.33,0.58,16.11,125.89,7.99,81.48,86.49,6.08,27.5,65.0,20.4,0.1,970.8,6.2,36.0,383,Peshawar
2024-03-13 18:00:00,4,2243.04,13.63,66.49,4.29,8.94,67.84,80.17,16.72,16.2,73.0,11.4,0.1,951.3,9.0,106.0,57,Islamabad
2023-08-06 08:00:00,5,787.73,0.81,10.02,234.6,23.84,91.15,141.19,6.59,29.0,82.0,25.6,0.0,975.2,6.8,162.0,261,Lahore
2024-03-30 08:00:00,3,410.56,0.46,4.07,118.73,6.02,23.4,32.67,7.16,20.5,74.0,15.7,0.0,987.1,24.5,88.0,123,Lahore
2023-07-02 20:00:00,5,2750.4,26.38,74.71,0.01,7.99,77.7,96.63,19.0,34.5,50.0,22.5,0.0,974.1,2.2,171.0,0,Lahore
2022-01-26 19:00:00,5,7690.43,101.92,141.2,0.0,20.5,383.09,436.2,53.7,10.5,47.0,-0.3,0.0,954.5,8.7,322.0,0,Islamabad
2023-04-28 17:00:00,5,4539.49,70.63,117.9,0.0,23.13,135.63,187.38,125.65,24.7,59.0,16.1,0.0,970.9,5.6,255.0,0,Peshawar
2022-03-15 13:00:00,4,236.99,0.17,2.1,88.69,0.7,23.71,51.93,0.76,27.0145,10.102842,-7.0855,0.0,841.5329,5.991594,327.26477,193,Quetta
2022-12-21 02:00:00,5,1842.5,0.0,42.16,57.22,25.27,161.02,207.62,26.6,17.0,57.0,8.4,0.0,1012.6,1.0,6.0,0,Karachi
2024-03-29 04:00:00,3,1428.6,13.08,37.36,41.13,9.54,39.88,55.02,15.58,19.0,80.0,15.5,0.0,974.7,10.5,63.0,304,Peshawar
2022-08-27 02:00:00,4,230.31,0.0,1.59,42.2,1.34,16.02,58.14,0.22,26.8,76.0,22.2,0.0,1003.5,5.94,257.0,0,Karachi
2022-10-18 06:00:00,5,4432.68,14.31,93.22,143.05,13.35,313.77,372.27,20.52,28.7,21.0,4.2,0.0,972.9,8.0,63.0,659,Peshawar
2023-03-08 20:00:00,5,7049.56,123.38,154.91,0.0,27.89,259.38,343.97,184.42,19.3,53.0,9.4,0.0,955.0,3.5,336.0,0,Islamabad
2023-03-27 21:00:00,3,814.44,0.0,32.56,47.21,6.97,42.37,85.29,43.57,11.2145,50.350227,1.2645,0.0,833.78894,4.829907,153.43501,0,Quetta
2022-04-14 22:00:00,5,1815.8,9.5,32.9,0.12,7.87,118.8,183.05,47.12,26.0,37.0,10.0,0.0,977.6,13.7,63.0,0,Lahore
2022-05-25 00:00:00,5,2323.15,11.18,82.25,0.08,16.45,63.49,81.97,68.9,26.0,36.0,9.7,0.0,948.6,10.7,123.0,0,Islamabad
2022-03-19 12:00:00,5,206.95,0.18,0.96,98.71,0.84,27.56,105.36,0.82,23.4145,10.428016,-9.4355,0.0,837.1149,12.387348,305.53775,444,Quetta
2023-04-24 18:00:00,5,9292.6,132.32,260.47,0.0,46.25,287.02,349.43,168.2,30.4,28.0,9.8,0.0,950.5,3.5,246.0,184,Islamabad
2022-08-04 02:00:00,5,814.44,0.28,15.25,47.21,6.2,53.13,57.5,6.33,27.2,93.0,26.0,0.0,976.9,3.9,146.0,0,Lahore
2023-04-13 01:00:00,5,1789.09,0.16,50.72,16.27,7.99,77.69,134.68,108.42,20.0,68.0,13.9,0.0,971.4,5.2,236.0,1,Peshawar
2024-04-14 19:00:00,5,7797.24,182.39,82.94,0.0,37.67,286.9,340.14,52.69,25.6,69.0,19.5,0.0,1012.0,2.01,117.0,12,Karachi
2023-02-01 20:00:00,5,2162.93,0.0,66.49,45.78,6.14,146.36,172.47,30.15,11.4,66.0,5.2,0.0,956.8,5.0,300.0,0,Islamabad
2024-06-07 11:00:00,3,175.24,0.16,0.87,111.58,0.6,16.95,76.23,0.22,29.8645,12.944828,-1.5855,0.0,838.1314,19.386591,285.06854,734,Quetta
2024-04-06 06:00:00,3,841.14,6.09,17.99,113.01,6.14,47.05,67.05,9.75,19.1645,18.010876,-5.7355,0.0,841.7643,9.826088,331.55716,843,Quetta
2023-07-17 18:00:00,4,5821.23,119.81,104.19,0.0,7.45,72.39,82.92,22.8,34.6,51.0,23.0,0.0,940.8,7.9,164.0,220,Islamabad
2022-03-11 17:00:00,5,5287.17,54.99,143.95,0.0,26.7,212.94,284.56,168.2,22.8,26.0,2.3,0.0,973.1,6.8,273.0,0,Peshawar
2024-01-28 14:00:00,3,2029.42,3.58,68.55,6.97,5.3,44.15,59.08,10.01,12.5,84.0,9.9,0.0,977.2,4.8,207.0,0,Peshawar
2024-02-16 10:00:00,4,387.19,0.89,4.28,140.19,3.55,33.46,56.44,2.6,19.6145,15.674122,-7.1855,0.0,843.8263,7.7879906,326.3099,698,Quetta
2022-09-13 06:00:00,5,1482.01,4.08,37.36,153.06,19.79,59.58,70.87,15.2,24.5,68.0,18.2,0.0,946.0,7.0,55.0,0,Islamabad
2022-08-17 22:00:00,5,2883.91,37.55,47.3,0.0,5.13,52.06,63.0,12.41,26.3,69.0,20.1,0.0,944.6,2.9,353.0,0,Islamabad
2022-04-20 13:00:00,2,1068.12,1.47,50.04,55.07,5.13,19.89,33.84,15.2,25.7,39.0,10.7,0.0,965.1,22.8,339.0,105,Peshawar
2021-09-26 06:00:00,5,1148.22,11.06,32.56,95.84,6.5,63.61,117.86,11.15,28.3645,12.872915,-2.8355,0.0,841.21515,11.090103,346.86597,777,Quetta
2023-07-07 02:00:00,5,1295.09,0.06,29.13,34.69,12.64,83.56,90.36,5.51,25.9,90.0,24.2,0.0,976.7,9.8,98.0,0,Lahore
2023-10-09 20:00:00,3,423.91,0.0,12.17,69.38,2.65,20.33,58.28,4.69,16.7145,20.615168,-5.9855,0.0,839.78467,1.609969,116.56499,0,Quetta
2022-08-01 02:00:00,4,754.36,6.76,23.65,0.13,20.74,26.3,30.43,7.03,24.7,97.0,24.2,0.0,974.4,7.7,152.0,0,Lahore
2023-12-04 05:00:00,5,1695.63,18.33,34.27,37.91,8.11,97.65,150.66,15.96,9.8145,47.825527,-0.7355,0.0,843.45447,1.9386592,291.80148,388,Quetta
2021-12-22 20:00:00,5,8438.11,90.3,106.93,0.0,22.41,917.37,1029.6,33.94,14.2,70.0,8.8,0.0,988.3,3.7,281.0,0,Lahore
2023-01-01 16:00:00,5,13565.06,311.14,216.6,0.0,54.84,506.37,586.64,139.83,16.5,37.0,1.7,0.0,957.0,6.8,273.0,253,Islamabad
2022-09-21 15:00:00,5,4592.9,34.42,152.17,0.01,13.35,136.06,168.66,28.37,33.5,38.0,17.2,0.0,946.3,7.8,236.0,642,Islamabad
2023-08-11 07:00:00,5,614.17,0.38,3.98,183.11,4.17,62.98,111.19,6.97,32.5,61.0,24.0,0.0,964.8,8.8,71.0,667,Peshawar
2023-01-12 15:00:00,5,4272.46,58.11,59.63,0.0,18.6,323.01,386.55,23.31,18.1,61.0,10.4,0.0,985.1,8.8,99.0,372,Lahore
2022-08-22 18:00:00,5,3070.83,66.16,42.84,0.0,11.8,160.72,204.43,36.98,32.4,60.0,23.7,0.0,973.8,4.7,360.0,113,Lahore
2022-11-16 23:00:00,5,2750.4,2.1,77.46,3.0,11.56,123.34,162.63,52.18,11.4,72.0,6.6,0.0,975.8,4.0,243.0,0,Peshawar
2023-01-02 01:00:00,5,6462.1,82.25,124.75,0.0,48.64,362.05,409.38,82.08,5.9,81.0,2.9,0.0,959.4,4.0,5.0,0,Islamabad
2024-06-03 00:00:00,2,327.11,0.0,11.31,95.84,3.99,12.31,49.59,10.26,19.9645,33.615208,3.4645,0.0,834.9838,7.24486,153.43501,0,Quetta
2022-04-20 04:00:00,2,761.03,0.19,19.19,101.57,4.29,9.94,15.21,8.61,28.3,34.0,11.0,0.0,969.7,1.3,34.0,368,Peshawar
2023-04-18 19:00:00,2,367.16,0.0,8.48,67.23,2.62,6.76,13.17,2.6,32.4,35.0,15.0,0.0,1010.3,4.12,293.0,44,Karachi
2022-05-27 03:00:00,5,1482.01,5.03,47.3,90.12,11.92,65.06,77.95,17.73,28.9,33.0,11.0,0.0,941.8,9.8,66.0,0,Islamabad
2024-05-03 19:00:00,4,1134.87,0.0,27.08,43.99,9.78,69.08,96.91,31.92,27.9,38.0,12.4,0.0,980.5,8.2,23.0,9,Lahore
2022-03-11 06:00:00,5,7370.0,80.47,180.96,63.66,19.79,255.86,325.62,90.18,24.4,27.0,4.2,0.0,976.0,4.3,85.0,699,Peshawar
2021-10-01 06:00:00,5,1188.28,1.44,17.82,181.68,33.85,154.55,166.54,9.63,25.6,92.0,24.1,0.0,984.2,7.9,93.0,0,Lahore
2023-12-02 22:00:00,4,854.49,0.0,30.16,45.42,8.23,58.31,104.01,18.24,6.7145,53.05899,-2.1855,0.0,838.38416,5.8603754,169.3804,0,Quetta
2022-01-07 02:00:00,4,1201.63,0.0,39.07,67.95,30.99,48.66,56.54,12.67,19.7,68.0,13.6,0.1,1011.2,0.81,277.0,0,Karachi
2022-08-31 20:00:00,5,600.81,0.0,27.42,54.36,3.52,33.76,105.35,8.11,19.2145,45.381676,7.1145,0.0,836.161,5.634891,153.43501,0,Quetta
2024-02-01 14:00:00,2,580.79,0.0,20.91,65.09,3.4,20.14,49.38,6.9,7.4145,22.666004,-12.5855,0.0,837.31006,4.896529,287.1028,0,Quetta
2023-07-27 17:00:00,4,2109.53,15.87,65.12,0.07,3.76,55.1,65.73,12.79,27.5,85.0,24.8,1.5,962.6,6.1,298.0,0,Peshawar
2023-02-03 16:00:00,3,1949.31,0.0,43.87,55.79,4.83,36.98,53.17,17.99,14.8,51.0,4.8,0.0,976.9,5.5,259.0,0,Peshawar
2022-04-20 19:00:00,5,2616.88,26.6,77.46,0.07,9.18,61.05,87.18,35.46,29.5,24.0,6.8,0.0,946.4,7.8,304.0,21,Islamabad
2023-10-15 05:00:00,4,841.14,3.97,18.51,83.68,7.15,57.27,81.25,12.79,19.0,87.0,16.7,0.0,985.5,8.3,360.0,0,Lahore
2023-09-18 05:00:00,5,2002.72,6.93,47.3,118.73,31.95,112.85,122.62,9.25,24.6,88.0,22.5,0.0,946.1,3.1,291.0,0,Islamabad
2022-03-26 17:00:00,5,594.14,0.0,20.05,50.78,3.93,64.75,143.68,6.4,35.7,14.0,4.1,0.0,1007.8,6.61,267.0,441,Karachi
2023-11-20 01:00:00,5,2616.88,3.97,35.99,2.21,6.26,264.95,312.8,11.27,16.0,71.0,10.7,0.0,991.1,11.2,354.0,0,Lahore
2022-02-23 16:00:00,5,1869.2,0.0,41.81,58.65,16.45,196.27,229.27,14.06,20.7,50.0,9.9,0.0,987.9,9.3,234.0,386,Lahore
2023-04-02 09:00:00,3,574.11,0.3,4.63,133.04,4.71,15.55,17.63,5.76,23.7,47.0,11.8,0.0,970.0,3.7,151.0,725,Peshawar
2024-02-07 21:00:00,4,727.65,0.0,12.85,123.02,15.02,62.49,88.09,10.51,21.5,55.0,12.1,0.0,1021.1,3.02,56.0,0,Karachi
2023-04-12 22:00:00,5,1842.5,0.01,43.87,26.82,9.06,127.42,168.1,35.97,23.5,43.0,10.2,0.0,985.4,8.3,270.0,0,Lahore
2021-09-05 12:00:00,5,934.6,0.52,18.34,197.41,35.29,82.03,91.19,11.78,33.8,41.0,18.7,0.0,945.5,8.0,190.0,843,Islamabad
2023-07-18 12:00:00,4,907.9,0.76,11.82,153.06,13.83,33.17,34.68,4.81,33.8,62.0,25.5,0.1,943.1,7.6,180.0,814,Islamabad
2022-06-18 23:00:00,5,233.65,0.0,1.52,80.82,1.21,52.98,218.87,1.99,19.6645,84.69125,17.0145,0.0,832.58966,10.24578,161.56496,0,Quetta
2022-02-15 05:00:00,5,7690.43,184.18,81.57,7.51,14.78,291.51,374.87,67.89,17.2,34.0,1.2,0.0,976.0,4.5,14.0,418,Peshawar
2022-09-02 08:00:00,4,220.3,0.32,1.61,150.2,1.64,25.96,87.04,1.54,27.8145,24.19782,5.5145,0.0,841.6043,10.144082,332.52567,955,Quetta
2023-01-21 10:00:00,3,300.41,1.1,2.96,105.86,1.62,14.68,34.08,1.71,2.5645,58.169056,-4.8355,0.0,837.3395,8.049845,333.43503,560,Quetta
2023-04-15 01:00:00,5,1708.98,2.18,52.78,4.16,10.25,85.49,117.35,79.04,23.5,51.0,12.8,0.0,949.2,4.9,36.0,0,Islamabad
2022-04-14 13:00:00,3,834.47,0.48,26.39,113.01,4.65,20.11,29.74,12.79,29.8,25.0,7.7,0.0,963.4,15.6,241.0,181,Peshawar
2024-02-16 22:00:00,5,6088.26,6.48,180.96,0.45,30.04,506.32,573.85,135.78,11.3,72.0,6.5,0.0,976.5,5.2,236.0,0,Peshawar
2023-10-11 16:00:00,3,323.77,0.0,8.14,92.98,2.77,20.49,70.46,2.69,23.8145,13.808715,-5.4855,0.0,843.6318,2.52,180.0,0,Quetta
2023-03-05 19:00:00,5,3284.45,29.5,102.82,0.0,17.4,126.0,185.84,168.2,18.2,46.0,6.4,0.0,977.1,6.5,251.0,0,Peshawar
2022-06-24 17:00:00,5,3952.03,35.32,131.61,0.0,13.23,81.23,117.49,24.57,35.9,33.0,17.0,0.0,974.1,4.1,285.0,348,Lahore
2023-12-14 08:00:00,5,2403.26,5.48,44.55,128.75,16.21,157.72,193.59,12.41,17.4,43.0,4.7,0.0,978.3,4.0,80.0,510,Peshawar
2023-04-23 07:00:00,4,433.92,0.58,4.33,167.37,10.37,20.4,26.26,7.92,19.2,63.0,12.0,0.0,982.1,9.8,354.0,123,Lahore
2023-02-10 09:00:00,4,607.49,1.45,9.17,138.76,16.45,70.59,86.52,9.25,11.9,85.0,9.4,0.0,951.0,4.1,142.0,175,Islamabad
2024-01-29 01:00:00,5,2109.53,0.94,53.47,6.62,10.97,91.21,113.41,31.41,10.7,80.0,7.4,0.0,978.7,3.6,233.0,0,Peshawar
2022-01-13 22:00:00,5,2670.29,2.99,68.55,6.79,30.99,199.07,231.11,16.21,19.2,50.0,8.5,0.0,1016.3,1.77,313.0,0,Karachi
2023-06-25 06:00:00,5,680.92,0.45,4.88,183.11,10.01,84.0,98.93,13.93,31.7,75.0,26.8,0.0,973.6,20.2,71.0,30,Lahore
2024-03-01 05:00:00,5,1535.42,1.17,38.39,25.03,8.58,106.75,129.21,21.53,14.3,78.0,10.5,0.0,987.8,11.5,4.0,0,Lahore
2021-10-04 16:00:00,5,3311.16,22.58,73.34,0.02,15.5,201.59,245.81,19.25,31.1,61.0,22.6,0.0,978.3,6.9,133.0,252,Lahore
2022-02-12 01:00:00,4,587.46,0.0,12.34,52.93,4.47,25.93,31.37,7.54,8.2645,21.392002,-12.5855,0.0,836.48285,2.968636,165.96373,0,Quetta
2024-03-26 23:00:00,2,594.14,0.0,9.85,83.68,2.38,9.98,16.24,23.81,18.9,77.0,14.8,0.0,976.3,1.6,153.0,0,Peshawar
2021-08-25 19:00:00,5,205.28,0.01,1.97,31.83,1.09,22.99,104.25,0.11,27.6,77.0,23.2,0.0,1000.1,8.82,241.0,38,Karachi
2022-11-14 03:00:00,2,253.68,0.02,3.56,90.84,1.0,8.62,20.3,0.59,7.0645,90.182045,5.5645,0.0,839.8187,7.628263,289.29013,34,Quetta
2023-06-02 04:00:00,3,1041.41,3.97,23.99,128.75,8.46,19.7,27.96,12.03,23.1,62.0,15.5,0.0,968.6,5.1,86.0,588,Peshawar
2021-12-24 06:00:00,5,8865.36,157.36,164.51,18.06,43.39,317.41,392.96,119.57,17.1,35.0,1.5,0.0,976.2,1.8,53.0,431,Peshawar
2023-11-04 09:00:00,4,774.38,1.82,14.91,160.22,16.69,51.38,60.38,8.23,19.1,67.0,12.8,0.0,955.8,1.3,304.0,333,Islamabad
2021-09-20 08:00:00,5,921.25,0.6,10.88,178.81,21.46,115.43,121.36,9.12,28.7,81.0,25.1,0.0,982.3,6.0,33.0,210,Lahore
2023-05-11 17:00:00,3,1201.63,0.0,69.92,27.89,7.39,41.21,87.85,21.03,24.3145,11.147821,-7.8855,0.0,840.07007,6.725354,164.47583,0,Quetta
2022-11-07 20:00:00,4,847.82,0.0,26.73,43.63,2.32,40.66,60.92,5.76,8.9645,97.00502,8.5145,0.0,837.78723,8.473393,167.73524,0,Quetta
2023-04-26 08:00:00,4,1201.63,1.56,44.55,178.81,62.94,68.11,76.21,16.21,22.4,56.0,13.2,0.3,951.2,2.9,263.0,189,Islamabad
2023-07-14 14:00:00,3,734.33,0.19,18.85,101.57,4.11,45.29,67.15,8.36,36.5,48.0,23.7,0.0,959.8,10.5,149.0,86,Peshawar
2023-08-31 09:00:00,5,654.22,0.75,9.94,234.6,29.09,81.93,166.6,6.46,32.3,59.0,23.3,0.0,982.1,5.8,187.0,447,Lahore
2023-04-12 13:00:00,3,1375.2,1.52,54.84,107.29,6.2,49.74,86.39,18.49,32.9,29.0,12.5,0.0,970.5,8.3,180.0,177,Peshawar
2023-03-06 14:00:00,5,5073.55,88.51,131.61,0.01,15.5,125.18,149.45,60.8,26.7,29.0,7.2,0.0,955.9,11.2,285.0,764,Islamabad
2022-04-26 11:00:00,2,185.25,0.24,0.99,107.29,0.57,7.32,16.6,0.69,29.8645,4.8941298,-14.1355,0.0,840.5482,9.028754,355.42615,717,Quetta
2022-12-12 15:00:00,5,2830.51,0.16,91.85,21.1,36.24,129.95,178.01,37.49,29.6,28.0,9.1,0.0,1012.1,3.5,31.0,547,Karachi
2022-07-12 15:00:00,3,383.85,0.01,7.88,75.1,1.22,11.98,41.41,1.92,26.4145,67.50522,19.9145,0.0,833.82635,15.0038395,149.74365,10,Quetta
2022-04-18 09:00:00,4,587.46,0.24,14.22,214.58,35.29,49.64,62.16,8.87,33.1,28.0,12.3,0.0,982.3,6.6,135.0,499,Lahore
2023-01-28 04:00:00,5,2269.74,9.28,74.03,12.34,8.7,106.52,125.88,21.28,6.6,74.0,2.3,0.0,954.7,4.4,305.0,0,Islamabad
2021-10-10 08:00:00,5,520.71,0.5,5.23,177.38,23.84,89.3,144.85,6.08,27.5,72.0,21.9,0.0,981.6,11.7,124.0,200,Lahore
2023-08-04 14:00:00,4,5126.95,53.64,174.11,3.0,35.76,72.27,92.35,16.21,34.4,61.0,25.8,0.1,943.2,9.6,167.0,673,Islamabad
2023-04-22 00:00:00,3,1068.12,0.0,25.36,38.62,3.64,39.23,47.38,22.55,18.7,51.0,8.3,0.0,948.5,4.7,32.0,0,Islamabad
2021-08-26 04:00:00,5,574.11,4.25,18.34,87.98,6.32,72.14,345.31,5.07,24.4645,13.741065,-5.0355,0.0,833.83435,2.5455842,278.13,453,Quetta
2023-08-23 01:00:00,5,647.54,0.0,10.97,62.94,4.41,75.09,120.57,15.83,29.5,80.0,25.7,0.0,958.4,3.6,96.0,3,Peshawar
2023-08-24 21:00:00,3,767.71,0.0,10.37,80.11,4.65,31.92,36.71,4.69,26.2,87.0,23.9,0.1,958.7,6.1,28.0,0,Peshawar
2024-01-06 11:00:00,2,303.75,0.37,2.12,94.41,0.88,14.63,20.69,1.04,12.7645,48.658947,2.2145,0.0,839.0205,8.905908,165.96373,341,Quetta
2024-02-18 07:00:00,4,881.2,0.2,22.28,110.15,10.49,72.97,79.02,8.23,13.3,70.0,8.0,0.0,951.6,3.8,17.0,0,Islamabad
2023-04-07 03:00:00,4,1495.36,8.27,36.33,49.35,14.19,70.76,92.38,30.65,16.3,65.0,9.7,0.0,987.9,11.0,322.0,0,Lahore
2022-09-01 09:00:00,5,774.38,0.73,10.88,254.63,34.33,90.08,113.65,8.61,32.1,57.0,22.6,0.0,980.6,6.8,252.0,453,Lahore
2024-05-15 07:00:00,5,640.87,0.47,5.36,208.85,5.25,37.53,56.96,12.54,35.2,28.0,14.0,0.0,970.9,6.1,62.0,928,Peshawar
2024-04-22 13:00:00,3,1468.66,2.6,70.6,92.98,9.3,33.46,45.18,26.6,29.7,35.0,12.6,0.0,967.7,2.3,39.0,190,Peshawar
2023-02-02 08:00:00,5,10147.09,50.96,290.63,131.61,70.57,660.95,848.62,101.33,13.1,59.0,5.3,0.0,1017.2,1.41,352.0,38,Karachi
2023-06-21 18:00:00,5,1789.09,0.0,58.95,47.21,7.33,94.03,123.2,21.79,34.8,46.0,21.5,0.0,958.3,5.4,290.0,0,Peshawar
2024-06-25 17:00:00,5,4058.84,21.68,142.57,0.01,23.84,101.48,133.03,30.15,40.5,25.0,16.5,0.0,969.2,8.4,329.0,302,Lahore
2022-10-12 17:00:00,5,494.0,0.0,18.85,60.8,5.72,45.36,121.42,5.13,32.4,22.0,7.9,0.0,1008.4,4.85,256.0,281,Karachi
2022-12-14 23:00:00,5,4592.9,14.31,100.08,0.12,16.93,150.01,209.39,62.32,6.5,58.0,-1.2,0.0,974.7,4.8,222.0,0,Peshawar
2024-04-06 13:00:00,3,1495.36,1.7,65.12,86.55,14.78,35.0,50.49,17.99,31.1,22.0,7.1,0.0,984.2,13.2,315.0,883,Lahore
2023-05-27 01:00:00,3,687.6,0.07,14.05,59.37,7.39,35.25,41.62,16.09,22.9,70.0,17.1,0.0,979.6,16.6,95.0,0,Lahore
